Name,Age,Gender,Salary,Joining_Date,City
Brandon Holmes,44.0,Other,132322.48,2020-06-20,Tiffanytown
Melinda Andersen,,Female,120806.69,2022-12-30,Timothyview
,43.0,other,49993.21,,East Oscar
Brendan Escobar,39.0,,93035.47,2024-02-05,Raychester
Christian Smith,,Male,113220.12,,Deantown
Mary Fuller,34.0,Female,,2020-01-23,New Devinshire
Mariah Melton,32.0,female,131345.1,2023-03-10,Romeroberg
Adam Jones,,male,,,Smithport
Sarah Durham,57.0,other,,2023-11-19,Sarahfurt
Carlos Alvarez,31.0,Male,108353.39,2023-05-14,Grantland
Adam Lamb,38.0,Male,77065.83,2020-09-02,Smithburgh
Justin Werner,44.0,male,78433.58,2023-02-27,East Emilyfort
Karen Thompson,44.0,female,142700.64,2021-02-25,Donaldfurt
Charles Jones,30.0,male,76165.68,2021-03-21,North Cheryl
Michelle Warren,25.0,Other,96765.74,2021-05-16,Grantfurt
Carrie Moore,28.0,female,,2020-01-23,Port Andrewhaven
Jeffrey Krause,24.0,Other,58080.4,2023-08-03,New Victoriamouth
,46.0,Male,47693.64,,New Gabrielville
Daniel Reeves,48.0,male,90120.53,2023-12-13,Hannahfort
Jeremy Perkins,36.0,male,86139.84,2022-07-18,West Thomasstad
Michael Smith,32.0,,70987.42,2020-09-08,New Gregoryfort
Hannah Cook,37.0,Other,55127.87,2024-03-01,North Anthony
Blake Sanders,45.0,male,72960.94,,Perkinston
Jason Stone,25.0,Male,93790.73,,Williamston
Candace Ellis,30.0,female,95875.3,,West William
Casey Williams,,Male,30115.47,,North Elizabeth
Anthony Tucker,,,69796.29,2021-10-19,Johnborough
Adam Stanton DDS,45.0,Male,,,Brookston
Victoria Miller,31.0,Female,,2023-06-06,Davidmouth
Jasmin Sanders,44.0,other,102839.12,,Graybury
Tammie Booth,,other,52941.11,2023-10-27,Timothyburgh
,45.0,male,57716.19,,Mollyshire
,23.0,,,,Cassandraland
Sandra Jones,33.0,other,141664.68,,East Laurenberg
Margaret George,42.0,Female,133791.12,,Stevenshaven
John Chan,60.0,male,101890.6,2022-07-05,East Aprilborough
Caitlin Wilkins,,other,61992.38,,Port Amytown
Nathan Bowen,,Male,,,Ginaview
Penny Holt,26.0,Female,96333.65,,Davisbury
Dean Allen,36.0,male,,,Port Jennifershire
Roger Mitchell,,male,,,New Natalie
Todd Walters,21.0,Male,33901.99,2021-05-20,Benitezmouth
,39.0,Female,53157.33,2023-04-16,Anthonybury
Julie Hartman,38.0,female,,2023-04-09,New Kennethburgh
Alexander Adams,48.0,Male,96801.34,2020-11-02,Jeffersonshire
Andrew Gregory,30.0,Male,,2024-01-28,Olsenfort
Jeffrey Estrada,,male,99746.64,,North Stevemouth
Hector Hobbs,,Male,116022.46,2020-08-19,East Seanport
Mark Guerrero,,other,89804.96,,Lake Davidstad
,26.0,,70299.06,2022-11-28,Paulhaven
Michelle Martinez,37.0,Other,,2021-06-06,Port Juliestad
Bryan Alvarez,33.0,Other,74164.26,2021-07-27,West Joshua
Allison Stewart,,Other,,,Jasonchester
Juan Butler,33.0,Male,144848.14,2021-05-04,Lake Ryanville
Vanessa Atkinson,41.0,,140726.49,,East Sherryfort
Jeffery Fitzgerald,38.0,Male,94611.61,,New Lisaburgh
Corey Smith,56.0,Male,,2022-08-03,Port Lawrence
Mary Shah,39.0,female,99032.84,2021-08-13,Jamesburgh
Brian Strong Jr.,36.0,Male,81421.03,2020-11-08,West Melvin
Bill Chapman,41.0,male,109626.55,,West Kristenstad
Angela Torres,39.0,female,95813.82,2020-02-10,Branchton
Timothy Espinoza,,,45105.91,,Dawnberg
,46.0,Other,,2020-11-18,New Jon
Ronald Clarke,45.0,male,,,Evansfurt
Christine Ellis,,Female,,,Maciasstad
Stephen Bowman,48.0,other,136821.4,,Murphymouth
Brent Parker,41.0,male,136199.22,2021-04-15,South Yvetteton
Stephanie Gonzales,42.0,female,111159.84,,Taylormouth
Richard Chung,,male,92378.07,2022-12-22,Port Janetside
Dr. Brandy Johnson,38.0,Other,66299.18,2022-08-01,Nicholaschester
Lacey Jones,,other,147655.28,2023-02-26,Lauraland
Donald Johnson,47.0,,104133.77,2021-05-07,New Brenda
Beverly Murphy,,Female,,2024-05-05,Williamsborough
Valerie Aguilar,43.0,female,82225.48,2022-02-23,Toddberg
Stephen Brady,,Male,,2023-06-14,South Rebeccaside
Emily Johnson,,female,56023.35,2024-04-01,Port Sheryl
Julia Stewart,37.0,,,2022-05-28,Amandafurt
Erin Hahn,51.0,other,95426.46,2021-07-14,Lake William
Henry Garcia,46.0,,62449.53,2024-01-10,Port Brandonhaven
Robert Sanchez,48.0,other,,2020-02-13,North Melissa
,,Female,46533.75,2021-09-17,Williammouth
Mr. Micheal Rice,23.0,Male,147873.83,2020-09-22,Lake Robert
Rebekah Lawson,32.0,Female,31178.77,2020-02-16,North Kelly
,47.0,Other,130822.81,,North Amberfurt
Charles Miller,25.0,Other,,,Colemanstad
Michaela Summers,48.0,other,,,Joditon
Susan Erickson,34.0,other,85767.97,2022-02-23,East Jenniferview
Sharon Franklin,,Female,117335.59,2021-07-03,Port Sarah
Theresa Foster,26.0,Other,143380.93,2021-12-18,Pamelaberg
Heidi Carpenter,31.0,female,,2022-05-20,South Jasonfurt
Ryan Smith,,male,75730.56,,Haleyshire
Kathy Hall,,female,91848.4,2020-03-30,South Melissa
Jeremiah Bryant,49.0,Male,61443.27,2021-02-11,Hernandezport
Christy Gonzalez,62.0,,,2024-01-02,Parkershire
,50.0,Male,121737.68,,Madisonhaven
Jason Carroll,31.0,,,,Michaelton
Mallory Williams,43.0,Female,,,Corteztown
Robert Sparks,36.0,Male,,2021-02-17,North Kimberlybury
Jennifer Chavez,50.0,Other,,,South Todd
Christian Sanders,44.0,other,,2022-03-05,Leefurt
Mary Fuller,34.0,Female,,2020-01-23,New Devinshire
Blake Sanders,45.0,male,72960.94,,Perkinston
Gabrielle Sanchez,,Female,46533.75,2021-09-17,Williammouth
Donald Johnson,47.0,,104133.77,2021-05-07,New Brenda
Tammie Booth,,other,52941.11,2023-10-27,Timothyburgh
