CustomerID,Name,DateOfBirth,SignupDate,LastPurchaseDate,PurchaseAmount,LoyaltyPoints,Region,Email,SubscriptionType
1,Linda Little,1979-09-13,2020-05-04,2021-03-22,380.79,501.0,N/A,l.little@yahoo.com,Basic
2,Samantha Nichols,2004-04-27,2020-08-21,2021-07-09,951.21,958.0,West,s.nichols@gmail.com,Premium
3,Cynthia Cunningham,1973-06-22,2020-10-09,2021-06-09,734.67,144.0,South,c.cunningham@gmail.com,Premium
4,Nicole Wilson,2012-03-24,2020-03-15,2021-06-16,602.67,200.0,West,n.wilson@yahoo.com,Standard
5,Kathy Howe,1989-12-15,2020-07-15,2021-10-18,164.46,,East,k.howe@outlook.com,Standard
6,Timothy Brown,1987-11-27,2020-04-07,2021-11-02,164.43,723.0,West,t.brown@gmail.com,Standard
7,Michael Lopez,2011-04-19,2020-11-02,2021-02-13,67.5,460.0,North,m.lopez@gmail.com,
8,Bill Allen,2001-05-15,2020-09-17,2021-01-27,867.51,731.0,East,b.allen@gmail.com,Standard
9,Timothy Kline,1997-05-19,2020-03-10,2021-03-21,605.1,751.0,N/A,t.kline@yahoo.com,
10,Gregory Rangel,1990-06-02,2020-02-05,2021-03-22,710.99,924.0,West,g.rangel@gmail.com,Premium
11,Samuel Brooks,1989-12-31,2020-05-21,2021-11-13,30.38,908.0,East,s.brooks@yahoo.com,
12,Todd Weaver,1972-02-15,2020-07-31,2021-01-26,970.21,557.0,North,t.weaver@yahoo.com,
13,Michael Spencer,1987-04-30,2020-06-23,2021-12-12,834.12,546.0,North,m.spencer@yahoo.com,Standard
14,Jacqueline Ray,2005-09-30,2020-09-16,2021-02-11,220.22,252.0,West,j.ray@gmail.com,Standard
15,Alexis Kirk,1999-06-14,2020-05-16,2021-05-20,190.01,389.0,East,a.kirk@yahoo.com,Basic
16,Donna Manning,1994-12-30,2020-01-02,2021-08-15,191.57,593.0,,d.manning@outlook.com,
17,Dr. Jacqueline Valdez,1976-03-24,2020-05-24,2021-12-05,311.2,882.0,,,Premium
18,Glenn Roberts,1995-01-16,2020-06-01,2021-08-06,529.51,255.0,North,g.roberts@gmail.com,Basic
19,Candace Cox,2001-07-03,2020-10-27,2021-09-06,437.63,708.0,South,c.cox@gmail.com,Basic
20,Derek Miller,2015-09-14,2020-10-23,2021-11-07,298.32,814.0,N/A,d.miller@gmail.com,Basic
21,Tracy Lee,2005-11-09,2020-12-03,2021-08-15,615.73,920.0,West,t.lee@gmail.com,Standard
22,Todd Reynolds,2018-02-08,2020-09-07,2021-08-01,148.1,449.0,,t.reynolds@yahoo.com,Standard
23,Douglas Hensley,1999-09-17,2020-03-17,2021-05-20,299.22,9.0,South,d.hensley@yahoo.com,Standard
24,Colleen Erickson,1972-06-23,2020-08-16,2021-04-21,372.7,823.0,North,c.erickson@gmail.com,Premium
25,Andrew Barron,1980-05-07,2020-10-02,2021-09-20,461.51,797.0,South,a.barron@yahoo.com,
26,Nicole Rogers,1993-06-08,2020-09-04,2021-02-28,787.32,241.0,East,n.rogers@gmail.com,Basic
27,Larry Lopez,1986-01-08,2020-06-25,2021-06-26,207.68,250.0,East,l.lopez@yahoo.com,Standard
28,Mr. Micheal Cooley,1993-10-25,2020-06-19,2021-08-09,519.09,,West,m.micheal@yahoo.com,
29,Cheryl Thompson,1973-06-07,2020-10-09,2021-02-26,596.49,4.0,N/A,c.thompson@yahoo.com,Basic
30,Dawn Rhodes,1979-09-23,2020-10-05,2021-05-26,55.99,118.0,North,d.rhodes@yahoo.com,
31,Brett Baxter,2008-12-26,2020-07-12,2021-12-14,611.47,800.0,n/a,,Basic
32,Craig Brown,2001-01-05,2020-08-21,2021-12-14,178.82,373.0,South,c.brown@gmail.com,
33,Erin Park,1998-02-21,2020-06-13,2021-10-31,74.4,64.0,West,e.park@outlook.com,Standard
34,Joseph George,2009-02-24,2020-04-06,2021-09-07,949.4,145.0,East,j.george@yahoo.com,
35,Kyle Jacobs,2015-11-19,2020-12-23,2021-09-27,965.98,223.0,East,k.jacobs@outlook.com,
36,Jesus Moore,1980-05-17,2020-05-02,2021-12-08,810.31,238.0,West,j.moore@gmail.com,Basic
37,Christopher Chavez,2004-07-23,2020-10-19,2021-06-07,311.57,176.0,North,c.chavez@gmail.com,
38,George Gonzalez,1987-01-20,2020-07-15,2021-01-24,106.7,778.0,N/A,g.gonzalez@yahoo.com,Premium
39,Sara Lopez,1992-11-07,2020-04-29,2021-04-23,687.39,852.0,South,s.lopez@outlook.com,Basic
40,Rachel Jimenez MD,1973-12-25,2020-07-29,2021-07-22,445.75,281.0,N/A,r.jimenez@outlook.com,
41,William Tran,2009-02-13,2020-01-23,2021-11-03,130.82,62.0,East,w.tran@outlook.com,Premium
42,Steven Gardner,1970-02-25,2020-06-11,2021-01-29,500.23,216.0,West,s.gardner@gmail.com,Basic
43,Jesse Gill,2016-08-23,2020-08-30,2021-01-04,44.04,853.0,,j.gill@gmail.com,Standard
44,Robert Hester,2018-04-22,2020-12-27,2021-04-15,,826.0,East,r.hester@outlook.com,Basic
45,Michael Morales,1987-09-05,2020-07-14,2021-06-04,266.19,794.0,South,,Basic
46,Maria Wilson,2002-09-04,2020-07-16,2021-04-19,665.9,688.0,North,m.wilson@gmail.com,
47,William Perez,2008-09-10,2020-12-05,2021-03-12,318.59,460.0,North,w.perez@outlook.com,Premium
48,Zachary Rangel,1976-04-11,2020-11-29,2021-05-11,524.87,928.0,South,z.rangel@gmail.com,Basic
49,Derek Clark,1999-08-16,2020-03-18,2021-05-29,551.24,609.0,west,d.clark@outlook.com,Basic
50,Alexander Morrison,1998-03-01,2020-09-10,2021-06-17,193.01,104.0,N/A,a.morrison@outlook.com,Basic
51,Julie Anderson,1981-03-07,2020-01-19,2021-03-03,969.89,98.0,West,j.anderson@yahoo.com,
52,Melissa Carter,1996-12-10,2020-03-05,2021-01-04,777.38,510.0,N/A,m.carter@outlook.com,Basic
53,Roger Campbell,2015-07-01,2020-09-14,2021-09-12,940.1,384.0,North,,Premium
54,Sarah White,1997-09-30,2020-10-29,2021-08-09,895.88,404.0,East,s.white@yahoo.com,
55,Evan Bryan,2006-08-22,2020-06-18,2021-03-31,601.92,822.0,East,e.bryan@outlook.com,Standard
56,Stephanie Sanchez,1999-04-07,2020-02-21,2021-03-08,922.66,517.0,West,s.sanchez@yahoo.com,Standard
57,Jessica Nicholson,2006-02-06,2020-08-13,2021-07-14,97.61,475.0,South,j.nicholson@gmail.com,
58,Corey Hernandez,1996-07-11,2020-02-21,2021-09-30,204.02,976.0,,c.hernandez@outlook.com,Premium
59,Joseph James,1981-06-02,2020-09-26,2021-12-27,,708.0,,j.james@gmail.com,
60,Jennifer Baird,1987-03-19,2020-08-21,2021-04-28,,862.0,West,j.baird@yahoo.com,
61,Dylan Harper,2007-09-21,2020-01-08,2021-09-14,,644.0,South,,
62,Darrell Morgan,2004-01-06,2020-03-14,2021-10-14,278.64,869.0,North,d.morgan@yahoo.com,
63,Justin Scott,1985-08-12,2020-07-28,2021-12-09,830.45,770.0,South,j.scott@yahoo.com,Basic
64,Elizabeth Hart,1996-12-31,2020-12-01,2021-07-01,363.19,436.0,North,e.hart@outlook.com,Standard
65,Lauren Williams,2006-06-07,2020-03-20,2021-02-06,288.13,22.0,west,l.williams@yahoo.com,Premium
66,Colton Deleon,2019-02-27,2020-02-08,2021-07-23,547.27,996.0,South,c.deleon@gmail.com,Basic
67,Angelica King,1970-01-14,2020-08-28,2021-01-22,149.51,564.0,West,a.king@yahoo.com,Standard
68,Kelly Paul,1997-04-06,2020-05-15,2021-08-12,804.18,676.0,north,k.paul@gmail.com,
69,Emily Johnston,1995-09-28,2020-06-22,2021-01-10,,713.0,East,e.johnston@gmail.com,Standard
70,James Mitchell,1988-11-09,2020-11-15,2021-08-24,987.02,,east,j.mitchell@yahoo.com,Standard
71,Andrew Vargas,2008-07-26,2020-12-20,2021-02-09,,82.0,North,a.vargas@gmail.com,Basic
72,Arthur Harper,1998-11-29,2020-07-22,2021-06-10,206.73,,N/A,,Basic
73,Jennifer Rivera,2011-09-19,2020-11-28,2021-10-22,,84.0,n/a,j.rivera@gmail.com,Premium
74,Gary Gregory,2009-08-20,2020-02-11,2021-08-08,817.31,77.0,East,g.gregory@gmail.com,
75,Anthony Dawson,2009-09-01,2020-06-17,2021-10-21,709.79,456.0,east,a.dawson@gmail.com,
76,John Rivas,1989-03-04,2020-12-11,2021-07-27,731.72,877.0,South,j.rivas@outlook.com,
77,Russell Martinez,2015-11-11,2020-09-30,2021-12-30,773.56,0.0,South,r.martinez@outlook.com,Standard
78,Matthew Schneider,2012-06-14,2020-07-13,2021-11-24,83.3,50.0,East,m.schneider@outlook.com,Standard
79,Ashley Morrison,1985-03-23,2020-06-11,2021-08-02,364.88,684.0,N/A,a.morrison@yahoo.com,
80,Emily Bautista,1977-08-10,2020-11-16,2021-05-29,124.71,716.0,South,e.bautista@outlook.com,Premium
81,Jennifer Pugh,1995-06-18,2020-09-06,2021-02-28,864.47,771.0,North,j.pugh@gmail.com,Standard
82,Kevin Schroeder,2016-03-30,2020-10-04,2021-07-27,627.07,445.0,South,k.schroeder@outlook.com,Premium
83,Jo Thompson,2000-01-27,2020-01-19,2021-01-11,337.59,448.0,South,j.thompson@outlook.com,Standard
84,Lisa Gonzalez,1978-05-19,2020-11-12,2021-06-16,72.92,880.0,South,l.gonzalez@gmail.com,Basic
85,Jessica Larsen,1991-01-27,2020-02-05,2021-03-29,317.87,487.0,West,,Basic
86,Kylie Franco,1997-11-06,2020-04-30,2021-11-13,331.93,,,k.franco@outlook.com,
87,Sharon Bradley,1990-02-26,2020-11-19,2021-08-24,732.31,33.0,,,Basic
88,David Merritt,1987-11-13,2020-12-16,2021-12-20,641.18,347.0,N/A,d.merritt@yahoo.com,Standard
89,Lorraine Hicks,1983-03-22,2020-05-27,2021-07-05,,,N/A,l.hicks@yahoo.com,Standard
90,Nicholas Mata,1972-03-11,2020-04-26,2021-02-15,477.49,71.0,East,n.mata@gmail.com,Basic
91,Erin Bartlett,1974-02-23,2020-02-16,2021-08-12,128.4,550.0,West,e.bartlett@yahoo.com,Basic
92,Shannon Smith DDS,1991-12-20,2020-08-10,2021-02-24,716.11,153.0,N/A,s.smith@yahoo.com,Basic
93,Emily Logan,2012-08-17,2020-02-20,2021-05-05,763.18,249.0,South,e.logan@gmail.com,
94,Zachary Delgado,1976-07-14,2020-11-20,2021-08-12,,673.0,N/A,z.delgado@yahoo.com,Basic
95,Melissa English,2010-11-10,2020-12-26,2021-10-29,773.26,437.0,North,m.english@yahoo.com,Standard
96,Heidi Daniels,2007-03-08,2020-02-21,2021-07-25,,,North,h.daniels@gmail.com,Basic
97,Allison Quinn,1987-06-12,2020-08-15,2021-09-26,527.51,770.0,East,a.quinn@gmail.com,
98,Matthew Rodgers,2004-06-13,2020-03-26,2021-02-10,433.27,890.0,West,m.rodgers@outlook.com,
99,Michael Moore,2014-05-09,2020-12-21,2021-07-22,35.16,305.0,West,m.moore@outlook.com,Standard
100,Andrew Baker,2005-11-08,2020-06-02,2021-06-08,116.81,,N/A,a.baker@outlook.com,Standard
101,Sandra Rhodes,1991-11-21,2020-01-15,2021-06-23,,960.0,West,s.rhodes@yahoo.com,Basic
102,Luis Wood,1983-03-29,2020-01-24,2021-04-24,640.05,53.0,West,l.wood@yahoo.com,Standard
103,Jason Cross,1970-07-01,2020-06-15,2021-06-20,321.21,235.0,N/A,j.cross@yahoo.com,Premium
104,Jennifer Wilcox,1979-07-25,2020-01-29,2021-03-28,513.48,388.0,North,j.wilcox@gmail.com,Standard
105,Nicholas Barber,2008-02-22,2020-05-30,2021-02-09,908.49,989.0,South,n.barber@yahoo.com,Premium
106,Tina Aguilar,1989-08-19,2020-07-02,2021-09-19,256.8,733.0,East,,Premium
107,Jesse Brown,1985-10-12,2020-07-10,2021-11-21,416.28,762.0,North,j.brown@gmail.com,Standard
108,Megan Moyer,2016-06-20,2020-08-08,2021-02-28,758.0,824.0,West,,Premium
109,Mark Schmidt,2011-09-05,2020-03-15,2021-09-29,236.51,400.0,West,m.schmidt@gmail.com,Standard
110,Jordan Chapman,1974-07-04,2020-05-05,2021-09-19,86.21,623.0,N/A,j.chapman@outlook.com,Standard
111,Alex Bennett,1992-05-10,2020-09-28,2021-04-10,296.85,766.0,East,a.bennett@outlook.com,
112,Edward Joseph,1980-11-20,2020-07-29,2021-06-28,169.61,302.0,South,,Premium
113,Maria Trujillo,2010-12-14,2020-10-16,2021-06-29,930.4,918.0,,m.trujillo@gmail.com,Premium
114,Michael Powell,1981-12-18,2020-12-15,2021-11-27,810.04,206.0,N/A,m.powell@gmail.com,Basic
115,Jasmine Hansen,2011-09-08,2020-04-02,2021-03-17,637.07,228.0,South,j.hansen@yahoo.com,Standard
116,Sarah Patel,2017-08-26,2020-03-28,2021-05-01,872.75,852.0,,s.patel@yahoo.com,
117,Mrs. Laura Salas,1998-06-20,2020-03-30,2021-02-22,805.64,909.0,West,m.laura@outlook.com,
118,Zachary Parsons,2009-09-15,2020-02-10,2021-03-16,194.7,577.0,N/A,z.parsons@gmail.com,Basic
119,Patrick Navarro,2015-04-15,2020-11-08,2021-05-12,893.63,74.0,North,p.navarro@yahoo.com,Premium
120,Suzanne Anderson,2008-04-14,2020-07-14,2021-04-12,543.95,434.0,North,s.anderson@outlook.com,
121,James Daniels,2019-02-25,2020-11-13,2021-03-30,809.37,102.0,N/A,j.daniels@outlook.com,Premium
122,Melissa Patterson,2010-01-02,2020-12-15,2021-11-05,897.13,421.0,South,,
123,Terry Harrison,1984-04-12,2020-05-03,2021-03-20,,703.0,East,t.harrison@outlook.com,
124,Corey Jackson,2012-08-02,2020-09-11,2021-12-02,118.95,763.0,South,c.jackson@gmail.com,Standard
125,Jennifer Miller,2010-05-18,2020-10-25,2021-02-08,235.66,737.0,South,j.miller@outlook.com,Premium
126,William Jennings,1993-04-03,2020-03-14,2021-04-01,432.84,805.0,East,w.jennings@gmail.com,
127,Michael Crawford,1992-03-07,2020-04-28,2021-11-18,819.83,305.0,south,,Standard
128,Andrew Kline,1994-11-17,2020-08-24,2021-09-10,862.12,97.0,east,a.kline@yahoo.com,
129,Haley Mcclure,2016-10-07,2020-11-22,2021-08-26,16.88,849.0,N/A,h.mcclure@yahoo.com,Standard
130,Ryan Fox,2013-06-23,2020-05-10,2021-10-16,515.64,797.0,East,r.fox@yahoo.com,Standard
131,Jessica Bell,1991-06-19,2020-08-23,2021-10-24,423.24,334.0,North,j.bell@outlook.com,Premium
132,Scott Sanders,1994-08-21,2020-05-10,2021-08-18,229.89,858.0,East,s.sanders@yahoo.com,Standard
133,Bailey Watts,2009-06-18,2020-12-07,2021-12-15,128.67,434.0,South,b.watts@yahoo.com,
134,Angela Ortiz,1976-12-13,2020-01-05,2021-10-17,344.24,446.0,N/A,a.ortiz@outlook.com,Basic
135,Roger Macdonald,1995-08-20,2020-08-26,2021-11-26,,993.0,East,,
136,Lisa Jacobson,1991-01-14,2020-05-27,2021-11-22,329.97,307.0,South,l.jacobson@outlook.com,
137,Andres Edwards,1994-05-18,2020-12-12,2021-11-16,523.6,248.0,East,,Standard
138,Steven Moore,2000-02-18,2020-10-06,2021-06-15,705.99,165.0,,s.moore@gmail.com,
139,Steven Williams,1998-09-07,2020-03-21,2021-11-18,369.99,480.0,N/A,s.williams@gmail.com,Standard
140,Christopher Howard,2018-06-17,2020-02-07,2021-06-11,972.06,983.0,North,c.howard@yahoo.com,Premium
141,Andrea Jones,1977-03-25,2020-08-14,2021-03-19,962.82,334.0,,a.jones@outlook.com,Standard
142,Pamela Lawrence,1982-06-01,2020-06-25,2021-08-14,259.26,541.0,south,p.lawrence@gmail.com,Premium
143,Sarah Boyd,1983-07-14,2020-10-27,2021-02-04,502.28,758.0,N/A,s.boyd@gmail.com,Basic
144,James Curtis,1990-09-30,2020-06-02,2021-08-29,307.87,105.0,N/A,,
145,Johnny Cook,2004-05-13,2020-11-23,2021-08-15,291.99,562.0,South,j.cook@gmail.com,Premium
146,Frank Smith,1983-09-17,2020-08-05,2021-11-20,46.52,80.0,South,f.smith@yahoo.com,Basic
147,Katherine Ortiz,1989-03-12,2020-12-19,2021-06-05,613.47,132.0,N/A,k.ortiz@gmail.com,Standard
148,Joshua Lee,1975-10-06,2020-05-08,2021-05-21,507.65,,,j.lee@yahoo.com,Basic
149,John Williams,2007-03-22,2020-08-21,2021-10-30,60.96,899.0,East,,Premium
150,Harry Kelly,2006-07-27,2020-06-03,2021-01-29,285.86,137.0,,,
151,Mary Gardner,1999-09-08,2020-04-11,2021-06-30,909.18,183.0,North,m.gardner@gmail.com,Basic
152,Laura Campbell,2018-09-06,2020-07-15,2021-09-17,247.17,400.0,North,l.campbell@outlook.com,Basic
153,Tricia Melton,2011-10-20,2020-09-04,2021-02-07,,329.0,North,,Standard
154,Daniel Fletcher,2007-04-21,2020-02-24,2021-06-08,494.56,784.0,North,d.fletcher@yahoo.com,Standard
155,Dustin Esparza,1975-08-03,2020-05-01,2021-08-25,985.79,507.0,N/A,d.esparza@outlook.com,
156,Ryan Shepherd,1988-07-22,2020-07-14,2021-08-20,249.63,851.0,East,r.shepherd@yahoo.com,Standard
157,David Morris,2007-09-11,2020-10-19,2021-01-20,,983.0,South,d.morris@outlook.com,Premium
158,Sean Robertson,2004-12-10,2020-07-02,2021-01-30,764.0,68.0,N/A,s.robertson@yahoo.com,Premium
159,Thomas Harris,1971-10-03,2020-10-21,2021-07-08,245.26,545.0,West,t.harris@gmail.com,Basic
160,Gerald Hill,2004-02-16,2020-05-31,2021-05-27,730.93,773.0,N/A,g.hill@yahoo.com,Standard
161,Bryan Foster,2012-10-16,2020-12-24,2021-02-09,,52.0,North,b.foster@yahoo.com,Standard
162,Eric Watson DDS,1970-07-13,2020-05-31,2021-11-27,635.98,,West,e.watson@gmail.com,Basic
163,April Matthews,2001-07-23,2020-01-12,2021-02-16,637.19,204.0,N/A,a.matthews@yahoo.com,
164,Robert Miller,1996-10-15,2020-12-03,2021-11-11,540.42,125.0,East,r.miller@yahoo.com,Standard
165,Elizabeth Rangel,2004-12-27,2020-07-21,2021-11-01,99.39,746.0,east,e.rangel@outlook.com,Standard
166,Alexis Stone,2007-08-05,2020-05-20,2021-09-17,836.95,42.0,West,,
167,Justin Lloyd,2018-04-15,2020-01-05,2021-07-16,327.57,751.0,South,j.lloyd@outlook.com,Standard
168,Angel Smith,2018-12-30,2020-10-16,2021-08-25,194.65,970.0,West,a.smith@gmail.com,Premium
169,Lauren Mathews,1989-10-14,2020-12-17,2021-10-25,50.37,882.0,East,l.mathews@outlook.com,Premium
170,Gerald Tate,2013-10-20,2020-01-26,2021-10-11,594.98,110.0,West,g.tate@outlook.com,
171,Justin Dodson,1989-09-08,2020-11-06,2021-01-22,680.79,760.0,North,j.dodson@gmail.com,
172,Mary Montes,1994-06-27,2020-09-11,2021-08-19,26.42,662.0,North,m.montes@outlook.com,Premium
173,Shawn Lyons,2009-02-06,2020-05-26,2021-10-20,516.97,182.0,South,s.lyons@gmail.com,Premium
174,Isabel Reeves,2013-07-27,2020-04-27,2021-11-30,234.23,847.0,West,i.reeves@yahoo.com,Premium
175,Theresa Phillips,1972-08-09,2020-11-06,2021-04-07,648.72,94.0,West,t.phillips@yahoo.com,Premium
176,Andrea Sanchez,2004-11-20,2020-06-29,2021-06-14,182.62,970.0,West,a.sanchez@outlook.com,
177,Joshua Bailey,2000-02-27,2020-04-22,2021-11-06,694.03,373.0,West,j.bailey@yahoo.com,
178,Valerie Lloyd,2006-04-10,2020-11-21,2021-09-01,392.87,911.0,South,v.lloyd@gmail.com,Basic
179,Mark Scott,1984-10-22,2020-04-07,2021-09-14,,519.0,East,,
180,Patricia Walker,2011-12-07,2020-11-13,2021-03-19,146.15,899.0,N/A,,Premium
181,Debbie Jones,1981-06-14,2020-05-08,2021-02-01,,359.0,South,d.jones@yahoo.com,Standard
182,Amy Zimmerman,2017-12-02,2020-12-13,2021-08-19,122.34,899.0,East,a.zimmerman@outlook.com,Premium
183,Janet Chambers,1972-06-02,2020-12-03,2021-02-22,925.45,695.0,East,j.chambers@yahoo.com,Premium
184,Erin Pierce,2005-05-08,2020-12-14,2021-06-25,878.57,,East,e.pierce@yahoo.com,
185,Christopher Meyer,1972-06-07,2020-03-11,2022-01-01,265.36,194.0,West,c.meyer@yahoo.com,Basic
186,Patricia Perkins,1977-07-13,2020-11-17,2021-02-13,663.38,863.0,South,p.perkins@gmail.com,Standard
187,Katherine Steele,2008-06-14,2020-02-19,2021-09-16,819.05,194.0,East,k.steele@gmail.com,Standard
188,Andrew Ward,1982-03-05,2020-11-17,2021-11-27,559.65,666.0,,a.ward@outlook.com,Basic
189,Fernando Ware,2011-06-03,2020-11-26,2021-03-30,534.35,92.0,N/A,f.ware@gmail.com,Premium
190,Michael Hernandez,1986-04-21,2020-01-21,2021-01-21,249.43,671.0,North,m.hernandez@yahoo.com,
191,Amanda Mathis,1974-07-06,2020-06-07,2021-05-07,102.17,945.0,East,a.mathis@yahoo.com,Premium
192,Mike Phillips,1993-05-04,2020-08-13,2021-12-29,,60.0,South,m.phillips@gmail.com,Standard
193,James Lawrence,2004-01-05,2020-01-18,2021-08-13,901.41,633.0,West,j.lawrence@yahoo.com,Standard
194,Kayla Alexander,1999-05-15,2020-10-23,2021-08-13,636.77,50.0,North,k.alexander@outlook.com,Premium
195,William White,1988-12-27,2020-07-05,2021-09-26,345.64,402.0,East,w.white@outlook.com,Standard
196,Andrew Lyons,2010-10-17,2020-03-08,2021-09-25,355.72,788.0,West,a.lyons@gmail.com,
197,Debra Wood,1999-04-29,2020-02-16,2021-11-09,,,South,d.wood@gmail.com,Standard
198,Darin Thomas,2000-04-12,2020-05-31,2021-03-23,898.14,465.0,South,d.thomas@outlook.com,
199,Robert Barker,2004-01-06,2020-06-16,2021-07-06,,603.0,North,r.barker@outlook.com,Premium
200,Patricia Vincent,1994-12-18,2020-07-31,2021-07-10,782.08,681.0,North,p.vincent@gmail.com,Premium
201,Hannah Ortiz,2007-10-27,2020-03-30,2021-05-25,,828.0,East,h.ortiz@gmail.com,
202,Beth Wise,1992-08-19,2020-04-12,2021-07-18,93.3,533.0,west,b.wise@gmail.com,
203,Robin Mendoza,1977-05-07,2020-03-08,2021-07-29,170.01,404.0,N/A,r.mendoza@yahoo.com,
204,Gina Hodge,2012-03-12,2020-10-03,2021-06-23,899.57,837.0,West,g.hodge@gmail.com,Standard
205,John Patterson,1971-09-28,2020-07-06,2021-12-14,610.36,512.0,South,j.patterson@gmail.com,Premium
206,Keith Anderson,2018-05-24,2020-09-28,2021-11-03,19.11,644.0,South,k.anderson@yahoo.com,Standard
207,Curtis Griffin,1974-09-03,2020-09-13,2021-01-27,110.46,232.0,East,c.griffin@outlook.com,Standard
208,Tara Villarreal,2001-05-25,2020-05-19,2021-11-20,666.87,523.0,N/A,t.villarreal@gmail.com,
209,Brian Zamora,1990-02-12,2020-03-25,2021-11-28,15.01,345.0,East,b.zamora@yahoo.com,Standard
210,Amanda Martinez,1976-02-27,2020-05-11,2021-06-21,169.2,,South,a.martinez@gmail.com,Basic
211,David Simmons,1973-08-12,2020-09-03,2021-02-03,553.25,545.0,south,d.simmons@gmail.com,Basic
212,Marisa Travis,1972-10-13,2020-05-31,2021-06-18,694.98,944.0,West,m.travis@yahoo.com,Basic
213,Misty Johnson,1992-03-08,2020-06-22,2021-02-18,655.44,77.0,,m.johnson@outlook.com,Basic
214,Roger James,1987-11-20,2020-02-28,2021-10-13,232.03,729.0,West,r.james@yahoo.com,Basic
215,Rebecca Hamilton,1971-10-30,2020-08-27,2021-12-14,,812.0,West,r.hamilton@gmail.com,
216,Gloria Abbott,1983-09-03,2020-02-08,2021-07-17,244.88,922.0,East,g.abbott@outlook.com,Standard
217,Anthony Scott,1991-05-27,2020-03-13,2021-05-26,,72.0,West,a.scott@yahoo.com,Standard
218,Ryan Sanchez,1981-04-29,2020-04-25,2021-05-10,749.03,793.0,North,,Basic
219,Matthew Allen,2012-06-26,2020-12-12,2021-12-03,653.14,248.0,North,m.allen@outlook.com,Standard
220,Lisa Rosales,1980-04-06,2020-12-11,2021-11-05,850.73,46.0,West,,Basic
221,Dennis Noble,1989-07-22,2020-07-22,2021-03-18,661.04,120.0,N/A,d.noble@yahoo.com,Standard
222,Brandon Brown,2011-09-21,2020-10-12,2021-06-20,572.63,213.0,West,b.brown@yahoo.com,
223,Amanda Barron,1992-12-27,2020-07-06,2021-02-11,102.74,238.0,South,a.barron@yahoo.com,Premium
224,Anthony Gordon,2003-02-04,2020-02-16,2021-10-26,374.04,55.0,South,a.gordon@gmail.com,Basic
225,Brandon Rivera,1985-01-20,2020-07-21,2021-12-06,272.55,349.0,N/A,,
226,Carrie Jones,1980-04-11,2020-01-08,2021-03-14,251.55,106.0,,c.jones@outlook.com,
227,Robert Clay,1984-09-10,2020-05-15,2021-06-29,973.28,830.0,North,r.clay@outlook.com,Basic
228,Dr. John Ramirez,1997-11-27,2020-10-01,2021-06-08,399.17,47.0,,d.john@yahoo.com,Basic
229,Erik Armstrong,1979-09-13,2020-03-04,2021-12-02,893.13,572.0,East,e.armstrong@yahoo.com,
230,Erin Jacobson,1972-04-21,2020-08-20,2021-12-24,634.83,336.0,West,e.jacobson@outlook.com,Basic
231,Kristen Gonzalez,1997-12-27,2020-07-07,2021-12-06,796.86,,N/A,,Basic
232,Scott Osborn,2003-09-03,2020-12-10,2021-07-20,507.61,803.0,West,s.osborn@yahoo.com,Premium
233,Tony Boyer,2005-08-02,2020-12-10,2021-03-08,581.13,256.0,East,t.boyer@outlook.com,Premium
234,Mary Huerta,1987-10-17,2020-05-14,2021-11-01,497.59,7.0,N/A,m.huerta@gmail.com,Basic
235,Ariana Nelson,1976-10-26,2020-10-26,2021-12-29,,624.0,,a.nelson@gmail.com,
236,James Cole,1991-10-15,2020-07-14,2021-02-13,725.23,866.0,North,j.cole@gmail.com,Standard
237,Holly Mcmillan,1979-02-22,2020-11-22,2021-06-08,287.96,252.0,West,h.mcmillan@gmail.com,Basic
238,Shelia Randall,1997-01-21,2020-07-09,2021-10-14,34.07,691.0,South,s.randall@outlook.com,Basic
239,Jeffrey Garcia,1980-11-10,2020-02-25,2021-07-12,649.02,718.0,East,j.garcia@gmail.com,Standard
240,Andrea Burns,1973-09-07,2020-12-11,2021-11-26,185.34,302.0,East,a.burns@yahoo.com,Standard
241,Laura Ryan,2001-02-24,2020-04-29,2021-06-18,941.05,638.0,West,l.ryan@yahoo.com,Standard
242,William Kim,2017-10-17,2020-08-29,2021-03-07,954.39,55.0,East,w.kim@gmail.com,Premium
243,Natalie Bradford PhD,2008-06-07,2020-01-13,2021-12-10,915.72,725.0,North,n.bradford@yahoo.com,Premium
244,Connie Adams,2003-03-31,2020-11-13,2021-12-26,376.46,525.0,West,c.adams@gmail.com,Premium
245,Deanna Miller,1976-03-09,2020-10-14,2021-12-17,25.3,473.0,North,d.miller@gmail.com,
246,Joann Williams,2015-05-24,2020-06-16,2021-09-27,929.04,27.0,N/A,j.williams@gmail.com,Basic
247,Brandon Lopez,2000-08-12,2020-11-08,2021-02-17,433.9,982.0,N/A,b.lopez@yahoo.com,Premium
248,Cheryl White,1971-02-19,2020-04-23,2021-11-27,966.99,77.0,South,c.white@yahoo.com,
249,Mr. Thomas Munoz,2007-09-08,2020-11-27,2021-12-10,963.98,,East,m.thomas@gmail.com,
250,Jose Briggs,2013-12-23,2020-02-02,2021-08-05,,385.0,N/A,j.briggs@gmail.com,Standard
251,Alexandra Wells,1979-06-21,2020-11-21,2021-09-18,,,,a.wells@gmail.com,Standard
252,James Alvarez,2008-11-22,2020-08-25,2021-07-05,391.25,,North,j.alvarez@gmail.com,Premium
253,Jessica Davis,2002-06-30,2020-12-24,2021-01-10,852.63,525.0,West,j.davis@outlook.com,Basic
254,Bianca Patel,2011-03-31,2020-06-03,2021-07-05,323.75,,,b.patel@gmail.com,Basic
255,William Johnson,1983-09-23,2020-11-28,2021-06-08,177.8,311.0,West,w.johnson@yahoo.com,Basic
256,Christopher Mills,2009-01-26,2020-07-28,2021-04-03,561.23,882.0,N/A,c.mills@gmail.com,
257,Dr. Kathryn Lopez MD,1985-10-20,2020-02-29,2021-04-20,936.79,6.0,East,d.kathryn@outlook.com,
258,Sarah Weber,2016-10-22,2020-03-12,2021-06-24,699.07,2.0,N/A,s.weber@yahoo.com,
259,Emily Stevenson,1994-03-26,2020-01-24,2021-09-06,574.36,,N/A,e.stevenson@outlook.com,
260,Mary Bradshaw,2018-04-13,2020-01-20,2021-04-09,106.2,918.0,North,m.bradshaw@gmail.com,Basic
261,James Avila,2013-05-18,2020-06-04,2021-04-26,618.86,749.0,South,j.avila@yahoo.com,Basic
262,Tina Gregory,2011-09-15,2020-09-09,2021-03-12,,362.0,,t.gregory@gmail.com,Standard
263,Micheal Wolf,2009-01-28,2020-02-29,2021-03-21,148.68,750.0,West,m.wolf@yahoo.com,Basic
264,Douglas Farley,1994-01-29,2020-02-19,2021-02-09,523.15,507.0,East,,
265,Michael Prince,1998-12-01,2020-04-30,2021-06-01,878.6,273.0,East,m.prince@yahoo.com,
266,Alexis Johnston,1992-01-10,2020-10-02,2021-02-21,743.36,505.0,N/A,a.johnston@outlook.com,Premium
267,Amy Barajas,1977-10-10,2020-03-10,2021-09-17,700.05,805.0,East,a.barajas@gmail.com,Basic
268,Catherine Avila,1995-01-09,2020-07-17,2021-10-04,705.46,738.0,South,c.avila@outlook.com,Basic
269,Diane Ramirez,2010-06-11,2020-08-20,2021-09-27,365.9,882.0,South,d.ramirez@outlook.com,Standard
270,Theresa Flores,1991-11-17,2020-07-08,2021-01-20,300.66,14.0,N/A,t.flores@gmail.com,Standard
271,Caroline Freeman,2011-09-10,2020-12-09,2021-12-05,,191.0,N/A,c.freeman@gmail.com,
272,Kenneth Clark,2004-01-01,2020-12-22,2021-06-22,812.01,984.0,West,k.clark@gmail.com,Premium
273,Ashley Lopez,2000-03-07,2020-10-03,2021-11-13,868.4,630.0,N/A,,Basic
274,Janice Foster,1972-07-29,2020-08-02,2021-03-09,914.11,484.0,North,j.foster@outlook.com,Basic
275,Nicole Price,2014-05-07,2020-10-27,2021-11-02,516.23,27.0,North,n.price@outlook.com,Premium
276,Scott Cox,1999-02-28,2020-03-20,2021-07-12,,713.0,,,Basic
277,Laurie Richards,1986-04-25,2020-07-31,2021-03-20,800.31,38.0,South,l.richards@outlook.com,Standard
278,James Reyes,2013-09-28,2020-12-01,2021-03-25,653.46,952.0,,j.reyes@outlook.com,Premium
279,Jessica Hurley,1989-01-11,2020-02-20,2021-04-03,704.95,272.0,,j.hurley@yahoo.com,Basic
280,Robert Graves,2001-10-31,2020-09-07,2021-12-21,797.83,230.0,N/A,,Standard
281,Elizabeth Collins,1993-03-06,2020-11-11,2021-11-16,891.11,85.0,West,e.collins@yahoo.com,Standard
282,Erin Carpenter,2000-07-14,2020-07-27,2021-03-26,344.62,473.0,,e.carpenter@yahoo.com,
283,Ryan Robertson,1995-02-02,2020-05-23,2021-08-13,381.83,125.0,N/A,r.robertson@yahoo.com,Basic
284,John Butler,1994-10-14,2020-01-17,2021-01-23,103.04,811.0,N/A,j.butler@gmail.com,Premium
285,Caroline Lopez,1970-11-29,2020-12-19,2021-07-30,582.5,,South,c.lopez@gmail.com,Standard
286,Christopher Wilson,2016-05-07,2020-07-08,2021-07-06,45.58,144.0,East,c.wilson@outlook.com,Standard
287,Brittney Sims,1987-02-21,2020-04-21,2021-12-13,470.94,524.0,N/A,b.sims@yahoo.com,
288,James Curry,1977-09-06,2020-08-15,2021-05-02,547.22,,East,j.curry@outlook.com,Premium
289,Sergio Morgan,1991-08-27,2020-08-15,2021-08-16,293.68,24.0,South,s.morgan@gmail.com,
290,Caleb Walter,2006-06-18,2020-04-30,2021-11-09,594.92,579.0,,c.walter@gmail.com,Standard
291,Olivia Richmond,2013-10-31,2020-07-04,2021-05-26,40.2,393.0,N/A,o.richmond@gmail.com,Basic
292,Andrew Castro,1991-07-24,2020-02-20,2021-08-18,46.97,66.0,East,,Premium
293,Ryan Torres,2012-09-17,2020-12-17,2021-04-30,824.37,232.0,N/A,r.torres@yahoo.com,Basic
294,Kristy Ramirez,2014-01-13,2020-07-07,2021-10-01,366.59,108.0,,,Basic
295,David Pugh,2010-03-17,2020-10-05,2021-05-03,,145.0,N/A,d.pugh@gmail.com,
296,William Villa,1971-07-20,2020-11-26,2021-06-08,527.02,110.0,n/a,w.villa@outlook.com,Standard
297,Kenneth Moody,1978-05-08,2020-07-02,2021-08-29,772.29,227.0,N/A,k.moody@gmail.com,Basic
298,George Walker,1996-05-25,2020-02-01,2021-04-10,223.66,110.0,West,g.walker@outlook.com,Premium
299,Bethany Meyer,1989-11-18,2020-07-22,2021-07-08,626.66,469.0,N/A,b.meyer@outlook.com,
300,Tammy Zimmerman,2006-04-13,2020-05-21,2021-12-14,94.49,33.0,East,t.zimmerman@gmail.com,Premium
301,Adam Moore,1991-10-30,2020-04-07,2021-10-20,,622.0,West,a.moore@gmail.com,Basic
302,Melissa Fox,1997-06-21,2020-03-03,2021-08-14,536.04,775.0,North,,Premium
303,Stephanie Perez,2003-02-09,2020-08-20,2021-08-25,,935.0,East,s.perez@yahoo.com,
304,Cassandra Hunter,2012-06-16,2020-02-16,2021-05-25,641.06,368.0,East,c.hunter@gmail.com,
305,Mr. Gregory Fry,2017-08-19,2020-12-05,2021-07-15,728.83,747.0,North,m.gregory@gmail.com,Standard
306,Renee Paul,2000-11-03,2020-04-18,2021-09-15,,594.0,West,,Premium
307,Lisa Lin,2008-03-04,2020-11-24,2021-09-28,521.14,553.0,N/A,l.lin@yahoo.com,
308,Clarence Wells,1999-09-05,2020-11-23,2021-08-03,329.73,424.0,East,c.wells@gmail.com,
309,Travis Parker,2001-07-25,2020-11-01,2021-03-24,797.23,612.0,North,t.parker@gmail.com,Standard
310,Tammy Price,2010-09-16,2020-01-11,2021-04-13,278.12,517.0,N/A,t.price@gmail.com,
311,Jennifer Adams,1994-04-22,2020-01-26,2021-11-06,444.58,691.0,West,j.adams@gmail.com,Basic
312,Nathan Mitchell,1997-07-05,2020-06-19,2021-03-12,87.67,281.0,East,n.mitchell@outlook.com,Premium
313,Christopher Brooks,1992-07-21,2020-05-04,2021-05-09,,319.0,N/A,,Standard
314,Michael Dunlap,1990-09-07,2020-03-05,2021-01-27,963.02,737.0,N/A,m.dunlap@outlook.com,Basic
315,Ryan Hill,1980-10-28,2020-10-16,2021-11-25,,442.0,South,r.hill@gmail.com,Basic
316,Thomas Harris,1987-04-12,2020-04-15,2021-09-04,699.01,951.0,North,,Premium
317,Elizabeth Thompson,1998-04-23,2020-02-05,2021-07-10,,314.0,N/A,e.thompson@gmail.com,Standard
318,Zachary Lowe,1980-09-22,2020-10-10,2021-10-11,181.56,,West,z.lowe@gmail.com,
319,Blake Harrington,2018-01-28,2020-04-16,2021-02-22,164.87,965.0,South,b.harrington@outlook.com,Standard
320,Toni Taylor,1986-08-11,2020-10-27,2021-12-31,257.74,740.0,N/A,t.taylor@gmail.com,
321,Steve Davis,1987-03-09,2020-04-20,2021-09-22,553.73,376.0,N/A,s.davis@outlook.com,Premium
322,Denise Johnson,1989-05-31,2020-04-29,2021-03-05,717.45,288.0,west,d.johnson@outlook.com,Premium
323,Bryan Johnson,2013-06-10,2020-06-17,2021-05-26,663.6,436.0,South,b.johnson@outlook.com,Basic
324,Charles Brown,1994-10-22,2020-03-16,2021-02-12,287.13,661.0,south,,Basic
325,Melissa Hanna,2017-01-25,2020-11-01,2021-03-24,955.32,276.0,North,m.hanna@outlook.com,Basic
326,Elizabeth Brown,1995-05-23,2020-01-02,2021-05-20,,709.0,N/A,e.brown@yahoo.com,Premium
327,Karen Erickson,1979-01-08,2020-05-21,2021-08-19,558.81,581.0,North,k.erickson@yahoo.com,
328,Vickie Lucero,1987-06-01,2020-03-15,2021-09-20,,502.0,South,v.lucero@yahoo.com,Premium
329,Richard Guerra,1996-07-30,2020-03-07,2021-03-17,425.4,623.0,North,r.guerra@yahoo.com,Premium
330,Trevor Swanson,1990-05-30,2020-10-03,2021-08-12,255.25,515.0,West,t.swanson@yahoo.com,Basic
331,Danny Young,2002-05-18,2020-05-08,2021-02-16,,349.0,East,d.young@outlook.com,Standard
332,Evan Watkins,1986-02-05,2020-03-30,2021-04-24,760.27,842.0,West,e.watkins@gmail.com,Basic
333,Jeffrey Williams,1997-02-12,2020-02-26,2021-08-19,24.25,445.0,South,j.williams@gmail.com,Standard
334,Justin Spencer,1971-04-09,2020-12-04,2021-06-28,124.91,829.0,West,j.spencer@outlook.com,
335,Michelle Johnson,2017-12-02,2020-01-14,2021-01-14,55.54,,South,,
336,Jasmine Krause,1981-05-10,2020-03-08,2021-08-01,50.32,606.0,west,j.krause@gmail.com,
337,Kimberly Wheeler,1994-08-11,2020-01-08,2021-01-28,856.91,663.0,N/A,k.wheeler@yahoo.com,Basic
338,Edward Armstrong,1974-01-31,2020-07-02,2021-07-22,706.62,822.0,N/A,e.armstrong@yahoo.com,Basic
339,Lisa Yoder,1974-11-22,2020-05-01,2021-09-15,479.43,136.0,West,l.yoder@yahoo.com,Basic
340,Courtney Perez,1996-03-17,2020-10-28,2021-07-11,106.86,758.0,North,c.perez@gmail.com,Premium
341,Austin Clark,1981-04-30,2020-06-14,2021-05-01,496.7,898.0,South,a.clark@yahoo.com,Basic
342,Robert Schultz,2014-01-15,2020-01-09,2021-07-17,478.74,242.0,N/A,r.schultz@outlook.com,Premium
343,Lauren Morgan,1979-03-16,2020-03-30,2021-02-11,181.47,542.0,South,l.morgan@gmail.com,
344,Andrea Rodriguez,1971-02-06,2020-05-15,2021-07-11,,39.0,N/A,a.rodriguez@gmail.com,Basic
345,Peter Harris,1995-07-06,2020-01-27,2021-04-25,,228.0,East,p.harris@yahoo.com,Premium
346,Robin Patrick,2012-02-11,2020-03-05,2021-01-15,619.69,547.0,West,r.patrick@outlook.com,
347,David Nolan,2012-12-12,2020-08-03,2021-06-13,638.74,919.0,n/a,d.nolan@yahoo.com,
348,Jeff Obrien,2009-07-08,2020-09-26,2021-02-20,54.85,222.0,West,,Basic
349,Mary Simpson,2000-07-26,2020-02-28,2022-01-01,380.87,5.0,East,m.simpson@gmail.com,Standard
350,Regina Boyer,1986-07-17,2020-02-02,2021-11-29,629.6,321.0,South,r.boyer@gmail.com,Standard
351,Lindsey Moss,1974-08-11,2020-08-31,2021-06-21,508.1,,West,l.moss@yahoo.com,
352,Timothy Guzman,1992-08-26,2020-08-17,2021-03-16,857.92,731.0,N/A,t.guzman@gmail.com,Standard
353,Rodney Carter,2012-11-10,2020-07-04,2021-03-12,662.11,74.0,East,,Standard
354,Daniel Ray,1980-03-27,2020-09-19,2021-01-20,171.31,3.0,N/A,d.ray@gmail.com,Premium
355,David Ferguson,1975-11-12,2020-10-30,2021-05-27,79.86,846.0,East,d.ferguson@yahoo.com,Premium
356,John Williams,2005-12-13,2020-02-25,2021-08-30,,645.0,East,j.williams@gmail.com,Premium
357,Trevor Miller,2014-02-12,2020-08-19,2021-12-23,36.25,117.0,N/A,t.miller@yahoo.com,
358,Lisa Lowe DVM,1976-08-24,2020-09-14,2021-03-13,589.92,880.0,West,l.lowe@gmail.com,Standard
359,Aaron Garcia,1974-10-23,2020-04-23,2021-12-28,940.83,605.0,South,a.garcia@outlook.com,Basic
360,Shannon Taylor,1983-08-12,2020-11-10,2021-08-29,579.72,503.0,south,s.taylor@gmail.com,Standard
361,Tiffany Edwards,1983-05-21,2020-01-23,2021-08-18,394.29,997.0,East,,
362,Benjamin Robles,1997-04-05,2020-12-03,2021-11-12,,946.0,N/A,b.robles@gmail.com,Premium
363,John Brock,1977-08-23,2020-09-23,2021-01-03,463.67,573.0,East,j.brock@yahoo.com,
364,Leslie Johnson,1992-04-07,2020-06-03,2021-02-10,550.16,440.0,,,Premium
365,Ronald Rios,1980-08-17,2020-08-22,2021-01-10,942.05,193.0,east,r.rios@gmail.com,
366,Renee White,2007-05-04,2020-11-25,2021-05-12,392.24,846.0,East,r.white@yahoo.com,Basic
367,Edward Williams,1990-04-01,2020-01-16,2021-04-21,961.58,714.0,South,e.williams@gmail.com,Premium
368,Jared Gibbs,2016-11-18,2020-02-01,2021-03-18,906.3,391.0,West,j.gibbs@outlook.com,Premium
369,Richard King,2004-02-16,2020-09-02,2021-10-08,203.83,25.0,,r.king@yahoo.com,Standard
370,Jennifer Stevens,2010-06-02,2020-07-24,2021-11-08,78.67,434.0,West,j.stevens@yahoo.com,
371,John Flores,2009-09-20,2020-08-06,2021-09-28,109.77,172.0,East,j.flores@yahoo.com,Standard
372,Brooke Johnson,1996-09-04,2020-12-17,2021-08-05,28.04,299.0,N/A,b.johnson@yahoo.com,
373,Jessica Jackson,2008-06-21,2020-02-25,2021-02-26,103.5,644.0,East,j.jackson@outlook.com,Basic
374,Darryl Lane,1997-05-25,2020-09-08,2021-05-28,686.18,325.0,East,d.lane@outlook.com,Standard
375,Jessica Rowe,1975-05-28,2020-12-30,2021-05-02,80.48,409.0,North,j.rowe@gmail.com,Premium
376,Briana Murphy,1978-11-26,2020-08-15,2021-06-04,325.79,117.0,N/A,b.murphy@yahoo.com,Basic
377,Denise Hill,1988-08-22,2020-02-07,2021-03-04,846.43,835.0,N/A,,
378,Lauren Morrow,1988-12-06,2020-02-11,2021-01-25,33.04,786.0,West,,Premium
379,Scott Page,1993-09-28,2020-06-13,2021-05-03,816.32,723.0,West,s.page@gmail.com,
380,Linda Rose,1977-04-14,2020-11-07,2021-08-03,289.04,224.0,East,l.rose@outlook.com,Premium
381,Edward Martinez,1984-02-03,2020-03-16,2021-11-24,126.98,531.0,,e.martinez@outlook.com,
382,Christian Brown,1991-07-09,2020-02-03,2021-11-15,699.77,112.0,East,c.brown@gmail.com,Premium
383,Sheryl Reynolds,1985-08-05,2020-03-05,2021-08-23,632.65,139.0,North,s.reynolds@yahoo.com,
384,Donna Lucero,1976-09-25,2020-05-20,2021-02-02,878.7,558.0,East,d.lucero@yahoo.com,Standard
385,Michael Williams,1984-01-17,2020-11-15,2021-02-26,737.72,0.0,north,,Premium
386,Misty Mahoney,1970-03-29,2020-11-20,2021-09-13,805.45,89.0,East,m.mahoney@outlook.com,Premium
387,John Garrett,2006-08-26,2020-10-26,2021-11-02,289.21,653.0,West,j.garrett@outlook.com,Standard
388,Gregory Greer,2010-06-02,2020-10-07,2021-10-02,185.67,319.0,,g.greer@gmail.com,
389,Patricia Schultz,2012-02-28,2020-12-30,2021-01-09,753.11,549.0,West,p.schultz@gmail.com,Premium
390,Cheryl Randall,1996-02-17,2020-06-15,2021-11-20,808.77,804.0,,c.randall@outlook.com,Standard
391,Seth Rangel,1972-12-05,2020-07-14,2021-09-21,990.6,893.0,South,s.rangel@yahoo.com,
392,Megan Ponce,1990-10-08,2020-11-01,2021-10-22,418.49,138.0,N/A,m.ponce@yahoo.com,Premium
393,Cory Dean,1995-11-06,2020-09-28,2021-05-04,378.3,510.0,,c.dean@gmail.com,Premium
394,Courtney Parker,1995-05-14,2020-05-30,2021-03-15,778.65,867.0,N/A,c.parker@gmail.com,
395,Cindy Rogers,2010-09-25,2020-08-20,2021-05-30,347.4,844.0,East,c.rogers@yahoo.com,Standard
396,Natasha Coleman,1976-05-21,2020-09-15,2021-08-08,931.45,258.0,,n.coleman@gmail.com,Premium
397,Denise Brooks,1990-12-10,2020-11-05,2021-01-01,859.83,672.0,,d.brooks@yahoo.com,
398,Douglas Nguyen,1993-09-25,2020-08-08,2021-11-11,434.7,901.0,N/A,,Premium
399,Sierra Lewis,1987-10-01,2020-02-20,2021-06-30,753.36,689.0,N/A,s.lewis@gmail.com,
400,Richard Pacheco,2008-02-21,2020-12-25,2021-05-04,757.0,9.0,,r.pacheco@outlook.com,Premium
401,Erica Schwartz,1980-04-18,2020-02-28,2021-10-20,112.09,260.0,South,e.schwartz@gmail.com,Basic
402,Kristen Grant,2018-11-09,2020-12-01,2021-08-02,903.53,918.0,North,,Standard
403,Rebekah Hudson,1990-03-03,2020-11-29,2021-04-06,510.2,649.0,n/a,r.hudson@outlook.com,Standard
404,Natalie Brown,1983-05-15,2020-10-09,2021-12-07,828.19,171.0,South,n.brown@outlook.com,Basic
405,Jacob Mays,1993-10-31,2020-04-20,2021-12-09,326.85,897.0,South,j.mays@gmail.com,
406,Latasha Patton,1982-10-05,2020-08-08,2021-02-13,896.57,12.0,North,l.patton@outlook.com,Standard
407,Amber Holmes,1976-05-28,2020-08-19,2021-09-26,395.31,167.0,North,a.holmes@yahoo.com,
408,Nichole Foster,1975-05-09,2020-04-26,2021-07-04,20.73,641.0,,n.foster@yahoo.com,Premium
409,Cassidy Stein,1984-11-19,2020-07-30,2021-02-04,906.33,595.0,East,c.stein@outlook.com,Basic
410,Abigail Valentine,1997-08-06,2020-06-22,2021-09-27,,320.0,West,a.valentine@yahoo.com,
411,Morgan Baxter,1995-11-23,2020-08-20,2021-10-06,326.12,318.0,North,m.baxter@yahoo.com,
412,Michael Webb,2009-05-26,2020-07-23,2021-09-17,950.56,612.0,South,m.webb@yahoo.com,Standard
413,Matthew Cole,1981-02-26,2020-07-31,2021-09-17,951.1,328.0,North,,Premium
414,Jeremiah Patel,2012-01-19,2020-02-18,2021-10-11,577.7,784.0,N/A,j.patel@yahoo.com,Standard
415,Kenneth Reid,1997-04-13,2020-06-09,2021-01-11,635.52,776.0,South,k.reid@yahoo.com,Premium
416,Billy Rodriguez,2006-02-10,2020-08-06,2021-07-19,453.96,970.0,West,,Standard
417,Penny Jones,1994-06-04,2020-06-09,2021-08-29,,910.0,West,,
418,Jason Wong,2014-11-25,2020-12-06,2021-01-23,335.38,,West,,
419,Christopher Thomas,2018-06-12,2020-05-10,2021-11-22,675.79,549.0,South,,Basic
420,Susan Crawford,2014-04-20,2020-07-10,2021-07-18,754.85,418.0,East,s.crawford@outlook.com,
421,Melissa Arnold,2009-04-10,2020-03-19,2021-07-11,793.66,605.0,East,m.arnold@gmail.com,
422,Marcus Evans,1977-03-20,2020-12-17,2021-05-10,791.72,94.0,,m.evans@gmail.com,
423,Theresa Cooper,1973-07-30,2020-08-30,2021-01-09,100.29,816.0,North,t.cooper@yahoo.com,
424,Aaron Brown,2008-10-04,2020-02-04,2021-07-02,499.48,580.0,North,a.brown@yahoo.com,Basic
425,Thomas Gonzalez,1998-12-01,2020-02-16,2021-02-04,66.98,317.0,n/a,,Premium
426,Willie Mcgee,1992-06-18,2020-02-13,2021-06-26,554.03,955.0,South,w.mcgee@outlook.com,Basic
427,Richard Daniels,1972-04-27,2020-02-17,2021-05-04,447.12,235.0,N/A,r.daniels@outlook.com,Basic
428,Diana Perez,1978-03-12,2020-08-09,2021-12-03,888.83,945.0,North,d.perez@yahoo.com,Standard
429,Amy Ruiz,1990-07-16,2020-02-19,2021-11-18,357.41,333.0,South,a.ruiz@gmail.com,Premium
430,Mary Wilson,1971-11-11,2020-07-09,2021-02-23,125.9,884.0,West,m.wilson@yahoo.com,Standard
431,Richard Ayala,1994-03-07,2020-03-07,2021-10-25,151.56,375.0,,r.ayala@outlook.com,Basic
432,John Bates,1973-08-11,2020-10-11,2021-06-20,763.9,,north,j.bates@gmail.com,
433,Joseph Munoz,1985-09-19,2020-01-31,2021-03-10,,136.0,West,j.munoz@yahoo.com,Premium
434,Steven Vaughn,2012-03-18,2020-10-27,2021-01-23,110.11,929.0,West,s.vaughn@yahoo.com,
435,Chad Santos,2016-07-23,2020-10-14,2021-06-30,93.27,587.0,South,c.santos@outlook.com,Basic
436,Lisa Simmons,2009-09-03,2020-10-14,2021-10-07,703.96,994.0,East,l.simmons@yahoo.com,Basic
437,Allen Robinson,1994-12-15,2020-06-17,2021-06-23,82.04,546.0,North,a.robinson@outlook.com,Basic
438,Luke Foster,1986-04-14,2020-12-09,2021-11-26,823.64,512.0,North,l.foster@outlook.com,Premium
439,Ronald Hensley,2009-02-08,2020-03-03,2021-03-31,709.18,295.0,East,r.hensley@gmail.com,Standard
440,Joshua Wilson,2014-02-11,2020-07-29,2021-12-17,90.54,319.0,N/A,,Standard
441,Michael Bean,1978-03-09,2020-06-30,2021-08-26,93.99,917.0,N/A,,
442,Kelly Brown,2012-03-02,2020-12-06,2021-12-23,,571.0,North,,Premium
443,Mitchell Payne,2001-03-20,2020-08-04,2021-09-03,380.53,831.0,East,m.payne@outlook.com,
444,Whitney Garrett,2006-08-20,2020-01-27,2021-11-20,376.94,,east,,
445,Cody Allen,1999-11-26,2020-05-27,2021-04-04,814.67,839.0,West,c.allen@gmail.com,Standard
446,Latoya Grant,1998-10-21,2020-11-03,2021-03-11,947.78,778.0,N/A,l.grant@outlook.com,Premium
447,Gregory Steele,1979-05-21,2020-06-08,2021-02-02,986.14,872.0,N/A,g.steele@gmail.com,Basic
448,Sheri Stanley,1984-06-05,2020-06-29,2021-08-23,755.84,228.0,West,,
449,Jason Chambers,1999-08-04,2020-02-23,2021-01-19,382.5,269.0,South,j.chambers@outlook.com,Basic
450,Steven Rios,2006-12-06,2020-10-22,2021-05-31,92.67,827.0,N/A,s.rios@gmail.com,Premium
451,Stephanie Crane,2014-06-14,2020-09-16,2021-04-14,779.38,797.0,West,s.crane@yahoo.com,
452,Mark Smith,1995-11-10,2020-04-18,2021-01-23,562.82,290.0,East,m.smith@outlook.com,Basic
453,Andre Maldonado,2005-12-05,2020-03-20,2021-04-13,429.98,724.0,South,a.maldonado@yahoo.com,Basic
454,Melanie Palmer,1973-04-17,2020-12-02,2021-01-22,907.29,164.0,North,m.palmer@yahoo.com,Standard
455,Julia Lewis,2010-10-21,2020-09-03,2021-06-11,120.09,4.0,East,j.lewis@outlook.com,Premium
456,Jessica Banks,1977-11-25,2020-04-24,2021-06-08,497.7,850.0,South,j.banks@yahoo.com,Premium
457,Ronald Frank,1998-03-21,2020-02-25,2021-09-21,21.24,378.0,West,r.frank@gmail.com,Premium
458,Maria Smith,1992-08-23,2020-06-28,2021-07-23,473.97,77.0,East,m.smith@gmail.com,
459,Gregory Bennett,1999-01-02,2020-10-11,2021-10-06,65.74,409.0,South,g.bennett@gmail.com,Standard
460,Aaron Romero,1980-05-26,2020-07-07,2021-08-31,127.63,573.0,North,a.romero@yahoo.com,
461,Gina Rogers,2006-04-06,2020-02-28,2021-05-10,126.35,131.0,East,,Premium
462,Carl Davis,2016-03-02,2020-05-22,2021-01-19,652.72,600.0,East,c.davis@yahoo.com,
463,Mariah Patterson,1970-02-07,2020-10-20,2021-11-28,748.58,748.0,N/A,m.patterson@gmail.com,Basic
464,Glenda Russell,2018-09-05,2020-04-25,2021-04-08,587.54,41.0,South,g.russell@outlook.com,
465,Sarah James,2011-06-13,2020-08-07,2021-05-27,962.55,88.0,South,s.james@yahoo.com,
466,Kendra Cook,2007-01-28,2020-10-14,2021-07-02,381.12,401.0,N/A,k.cook@yahoo.com,Premium
467,Scott Bruce,1974-11-12,2020-11-14,2021-01-25,292.85,295.0,West,s.bruce@gmail.com,Basic
468,Alexander Martinez,1986-10-30,2020-11-10,2021-12-02,869.91,839.0,West,a.martinez@outlook.com,Premium
469,Cameron Hawkins,2016-07-06,2020-12-11,2021-06-19,231.36,294.0,N/A,c.hawkins@gmail.com,Basic
470,William Mendez,2002-06-16,2020-11-25,2021-05-20,963.59,615.0,East,w.mendez@gmail.com,Basic
471,Charlene Simon,2014-09-21,2020-10-12,2021-03-05,,525.0,north,c.simon@outlook.com,Basic
472,Kristen Downs,2009-08-28,2020-01-14,2021-07-08,970.18,799.0,West,k.downs@outlook.com,Premium
473,Kimberly Lopez,1974-08-19,2020-11-07,2021-08-12,52.73,690.0,North,k.lopez@gmail.com,Basic
474,Rhonda Lang,1988-04-06,2020-12-02,2021-07-24,892.23,636.0,South,r.lang@outlook.com,Standard
475,Troy Chan,1993-12-16,2020-12-21,2021-08-14,532.42,421.0,South,t.chan@gmail.com,Standard
476,Jared Johnson,2019-04-10,2020-05-16,2021-07-17,993.04,864.0,West,j.johnson@yahoo.com,Standard
477,Logan Williams,1981-10-03,2020-01-15,2021-06-23,83.06,,East,l.williams@gmail.com,Standard
478,Andrea Webb,1995-11-04,2020-04-02,2021-04-06,558.32,574.0,South,a.webb@yahoo.com,Premium
479,William Davis,2009-04-22,2020-05-19,2021-09-12,969.61,142.0,North,w.davis@gmail.com,
480,Colleen Morrison,2013-06-27,2020-12-25,2021-12-21,527.87,992.0,East,c.morrison@outlook.com,
481,Jerry Clark,1980-11-22,2020-06-07,2021-09-12,633.1,664.0,West,j.clark@yahoo.com,Standard
482,Michele Haynes,1972-08-03,2020-06-22,2021-07-08,698.79,144.0,South,m.haynes@outlook.com,
483,Laura Moore,1991-06-21,2020-06-28,2021-09-23,460.0,224.0,West,l.moore@yahoo.com,Standard
484,James Strong,1984-03-17,2020-01-04,2021-05-17,631.28,502.0,East,j.strong@yahoo.com,Standard
485,Norman Jenkins,1997-11-17,2020-04-02,2021-02-12,588.47,961.0,East,n.jenkins@gmail.com,
486,Nicole Wang DVM,1971-03-25,2020-03-14,2021-08-06,902.15,973.0,East,n.wang@gmail.com,
487,David Harris,2006-08-09,2020-10-16,2021-02-10,54.99,820.0,N/A,d.harris@gmail.com,Basic
488,Scott Fox,1978-05-13,2020-12-02,2021-08-09,288.15,,N/A,,Standard
489,Sarah Williams MD,1990-02-27,2020-07-24,2021-11-05,950.91,103.0,North,s.williams@outlook.com,
490,Hannah Brennan,1980-03-06,2020-02-05,2021-04-03,891.36,946.0,East,h.brennan@gmail.com,
491,Joseph Mills,2011-05-26,2020-03-13,2021-10-07,461.1,38.0,East,j.mills@gmail.com,
492,Sarah Carrillo,1980-07-16,2020-11-20,2021-05-31,623.93,946.0,South,s.carrillo@yahoo.com,Basic
493,Bradley Rivera,1983-10-25,2020-01-16,2021-06-14,284.61,197.0,north,b.rivera@outlook.com,Standard
494,Debra Edwards,2014-09-17,2020-02-16,2021-02-22,196.24,,North,d.edwards@outlook.com,Standard
495,Lauren Camacho,1996-03-08,2020-09-28,2021-02-10,,578.0,West,l.camacho@yahoo.com,Premium
496,Dylan Perez,2015-08-27,2020-04-20,2021-06-17,359.82,390.0,East,d.perez@yahoo.com,Basic
497,Philip Berger,1994-07-13,2020-07-11,2021-12-05,587.82,178.0,South,p.berger@gmail.com,Basic
498,Benjamin Lewis,2007-04-11,2020-08-02,2021-06-01,86.96,967.0,West,b.lewis@outlook.com,Standard
499,Tabitha Summers,2013-04-15,2020-08-20,2021-06-06,974.65,553.0,N/A,t.summers@gmail.com,Premium
500,Mrs. Tracey Haynes,2012-05-13,2020-06-23,2021-08-17,986.35,447.0,East,m.tracey@yahoo.com,Premium
