TransactionID,Product,Amount
1,Apple,2
1,Eggs,1
1,Milk,2
2,Jam,8
2,Bread,3
2,Banana,4
2,Eggs,8
2,Butter,3
2,Cheese,6
3,Banana,3
3,Jam,1
3,Cheese,9
4,Butter,6
4,Eggs,7
4,Apple,2
4,Bread,8
4,Milk,9
5,Eggs,2
5,Apple,5
5,Milk,2
6,Jam,5
6,Bread,7
6,Butter,6
6,Cheese,4
6,Eggs,2
7,Jam,9
7,Butter,1
7,Cheese,3
7,Bread,7
8,Butter,9
8,Milk,5
8,Bread,7
8,Banana,7
8,Eggs,4
9,Apple,2
10,Bread,1
10,Banana,2
10,Eggs,3
10,Butter,7
10,Milk,6
11,Banana,7
11,Cheese,5
11,Jam,4
12,Bread,7
12,Butter,3
12,Apple,7
13,Cheese,8
13,Bread,6
13,Butter,3
13,Jam,3
14,Eggs,3
14,Milk,6
15,Cheese,2
15,Eggs,8
15,Jam,9
15,Apple,7
16,Bread,3
16,Milk,4
16,Butter,2
16,Eggs,9
17,Bread,5
17,Jam,2
17,Butter,6
17,Eggs,7
17,Cheese,2
18,Banana,1
18,Butter,7
18,Jam,1
18,Bread,3
18,Cheese,4
19,Butter,7
19,Bread,5
20,Banana,8
21,Apple,7
22,Bread,4
22,Milk,2
22,Apple,7
22,Butter,2
22,Eggs,6
23,Jam,1
23,Butter,7
23,Cheese,7
23,Bread,4
23,Eggs,4
24,Eggs,5
24,Bread,2
24,Butter,9
24,Milk,4
25,Butter,9
25,Cheese,3
25,Bread,9
25,Jam,1
25,Eggs,7
26,Apple,7
26,Jam,6
26,Cheese,4
26,Eggs,4
27,Jam,7
27,Eggs,4
27,Apple,6
27,Butter,6
27,Bread,1
27,Cheese,2
28,Banana,4
28,Butter,6
28,Cheese,6
28,Bread,1
28,Jam,8
28,Eggs,2
29,Eggs,5
29,Milk,4
30,Milk,5
30,Eggs,8
31,Bread,7
31,Cheese,9
31,Butter,1
31,Jam,6
32,Jam,2
32,Apple,8
32,Cheese,6
33,Bread,9
33,Jam,5
33,Butter,7
33,Cheese,6
33,Eggs,5
34,Jam,4
34,Eggs,3
34,Cheese,1
35,Milk,6
35,Eggs,9
36,Bread,2
36,Butter,9
36,Apple,8
37,Jam,9
37,Eggs,4
37,Apple,9
37,Cheese,2
38,Cheese,1
38,Jam,9
39,Apple,8
39,Jam,7
39,Cheese,8
40,Butter,1
40,Bread,9
40,Eggs,9
40,Milk,9
41,Eggs,6
41,Milk,4
42,Cheese,2
42,Jam,4
43,Jam,1
43,Butter,9
43,Bread,3
43,Cheese,4
44,Apple,5
44,Cheese,3
44,Eggs,4
44,Jam,5
45,Bread,1
45,Apple,9
45,Eggs,4
45,Jam,9
45,Butter,4
45,Cheese,1
46,Eggs,5
46,Apple,9
46,Jam,3
46,Cheese,5
47,Eggs,3
47,Apple,3
47,Bread,1
47,Butter,2
47,Milk,2
48,Bread,7
48,Butter,8
49,Butter,9
49,Banana,3
49,Bread,2
50,Eggs,1
50,Cheese,9
50,Apple,8
50,Jam,4
51,Cheese,3
51,Banana,3
51,Jam,4
51,Eggs,2
52,Banana,4
52,Milk,3
52,Eggs,8
53,Eggs,2
53,Cheese,9
53,Banana,3
53,Jam,4
54,Bread,3
54,Butter,3
55,Milk,8
55,Bread,6
55,Apple,4
55,Butter,1
55,Eggs,4
56,Banana,6
56,Bread,2
56,Jam,3
56,Butter,7
56,Cheese,4
57,Bread,5
57,Cheese,8
57,Eggs,7
57,Butter,9
57,Jam,5
58,Butter,4
58,Bread,6
59,Eggs,9
59,Cheese,5
59,Jam,5
60,Milk,6
60,Bread,3
60,Butter,6
60,Eggs,8
61,Bread,6
61,Eggs,5
61,Butter,3
61,Apple,1
61,Milk,5
62,Apple,6
63,Cheese,6
63,Banana,3
63,Jam,4
64,Cheese,3
64,Bread,2
64,Butter,8
64,Jam,7
64,Eggs,8
65,Milk,6
65,Eggs,7
66,Eggs,5
66,Milk,4
67,Milk,3
67,Banana,2
67,Eggs,9
68,Eggs,2
68,Cheese,6
68,Butter,3
68,Bread,3
68,Jam,5
69,Banana,7
69,Milk,1
69,Butter,7
69,Bread,7
69,Eggs,6
70,Jam,2
70,Apple,3
70,Cheese,3
71,Bread,3
71,Butter,2
72,Cheese,6
72,Jam,2
73,Cheese,6
73,Butter,4
73,Eggs,7
73,Bread,6
73,Jam,6
74,Cheese,3
74,Apple,8
74,Jam,9
74,Eggs,6
75,Apple,1
75,Jam,3
75,Cheese,3
76,Eggs,8
76,Jam,5
76,Butter,1
76,Banana,4
76,Bread,7
76,Cheese,5
77,Cheese,6
77,Jam,4
77,Eggs,2
78,Cheese,2
78,Jam,2
79,Butter,2
79,Bread,1
80,Jam,3
80,Cheese,6
81,Bread,1
81,Butter,5
81,Cheese,5
81,Jam,1
82,Apple,1
82,Cheese,1
82,Eggs,7
82,Jam,7
83,Apple,7
83,Cheese,3
83,Jam,2
84,Cheese,4
84,Apple,3
84,Jam,7
85,Bread,1
85,Jam,6
85,Apple,2
85,Eggs,8
85,Butter,5
85,Cheese,3
86,Butter,7
86,Banana,2
86,Bread,5
87,Cheese,8
87,Jam,1
87,Butter,1
87,Bread,3
88,Bread,3
88,Apple,7
88,Jam,6
88,Butter,7
88,Cheese,4
88,Eggs,2
89,Eggs,1
89,Cheese,9
89,Jam,7
90,Butter,3
90,Eggs,2
90,Bread,3
90,Milk,7
91,Banana,3
92,Apple,2
93,Banana,6
93,Bread,6
93,Milk,7
93,Butter,6
93,Eggs,2
94,Eggs,5
94,Apple,3
94,Butter,9
94,Jam,8
94,Bread,2
94,Cheese,1
95,Banana,4
95,Butter,4
95,Bread,2
96,Cheese,3
96,Jam,7
96,Bread,7
96,Butter,1
97,Butter,4
97,Milk,8
97,Bread,8
97,Eggs,3
98,Bread,1
98,Eggs,2
98,Jam,7
98,Butter,7
98,Cheese,9
99,Eggs,9
99,Bread,9
99,Butter,6
99,Milk,8
100,Banana,7
101,Cheese,4
101,Bread,6
101,Apple,4
101,Butter,7
101,Jam,8
101,Eggs,8
102,Butter,8
102,Banana,2
102,Bread,2
103,Butter,2
103,Milk,4
103,Bread,5
103,Eggs,4
104,Jam,5
104,Apple,4
104,Cheese,7
105,Eggs,1
105,Apple,1
105,Milk,2
105,Butter,1
105,Bread,3
106,Banana,6
106,Eggs,1
106,Milk,6
107,Jam,5
107,Eggs,7
107,Bread,6
107,Butter,7
107,Cheese,2
108,Eggs,1
108,Bread,7
108,Apple,9
108,Cheese,2
108,Butter,7
108,Jam,3
109,Apple,3
109,Butter,5
109,Bread,2
110,Cheese,8
110,Banana,7
110,Eggs,6
110,Jam,1
111,Cheese,1
111,Butter,8
111,Banana,2
111,Bread,8
111,Jam,4
111,Eggs,7
112,Banana,5
112,Eggs,8
112,Jam,6
112,Cheese,5
113,Jam,3
113,Cheese,9
114,Banana,9
114,Butter,5
114,Milk,3
114,Bread,6
114,Eggs,5
115,Milk,1
115,Butter,2
115,Bread,5
115,Eggs,9
116,Eggs,4
116,Cheese,9
116,Apple,3
116,Jam,1
117,Banana,7
117,Bread,4
117,Butter,5
118,Butter,3
118,Cheese,1
118,Banana,6
118,Bread,5
118,Jam,1
118,Eggs,5
119,Cheese,5
119,Jam,1
120,Eggs,5
120,Butter,1
120,Bread,3
120,Milk,2
121,Milk,1
121,Eggs,4
122,Apple,5
122,Eggs,1
122,Milk,1
123,Butter,4
123,Cheese,7
123,Eggs,2
123,Bread,2
123,Jam,1
124,Butter,6
124,Bread,6
125,Milk,7
125,Apple,6
125,Eggs,8
126,Eggs,9
126,Milk,2
127,Butter,5
127,Cheese,1
127,Bread,3
127,Jam,4
127,Eggs,2
128,Jam,1
128,Butter,3
128,Bread,9
128,Cheese,2
128,Eggs,5
129,Eggs,3
129,Apple,5
129,Jam,6
129,Cheese,1
130,Eggs,1
130,Bread,3
130,Butter,8
130,Milk,8
131,Butter,6
131,Bread,9
131,Cheese,7
131,Jam,2
131,Eggs,2
132,Butter,3
132,Eggs,8
132,Jam,9
132,Bread,3
132,Cheese,9
133,Cheese,8
133,Butter,5
133,Eggs,3
133,Jam,7
133,Bread,9
134,Apple,6
134,Bread,3
134,Butter,5
134,Jam,7
134,Cheese,8
135,Butter,4
135,Bread,2
136,Milk,2
136,Apple,3
136,Eggs,8
137,Butter,7
137,Bread,6
138,Jam,2
138,Eggs,9
138,Cheese,5
139,Banana,3
139,Butter,7
139,Bread,7
140,Jam,1
140,Banana,4
140,Cheese,6
141,Bread,3
141,Banana,3
141,Milk,8
141,Eggs,8
141,Butter,8
142,Milk,8
142,Eggs,8
143,Jam,9
143,Bread,7
143,Butter,8
143,Cheese,2
144,Eggs,4
144,Bread,7
144,Butter,6
144,Jam,7
144,Cheese,1
145,Cheese,7
145,Jam,4
145,Bread,1
145,Apple,8
145,Butter,7
146,Apple,1
146,Bread,5
146,Jam,9
146,Butter,5
146,Cheese,3
146,Eggs,9
147,Banana,9
148,Cheese,4
148,Apple,8
148,Jam,7
148,Bread,5
148,Butter,6
149,Cheese,3
149,Apple,6
149,Butter,8
149,Bread,9
149,Jam,3
150,Bread,3
150,Milk,2
150,Banana,5
150,Eggs,4
150,Butter,5
151,Butter,3
151,Bread,1
152,Banana,4
152,Milk,6
152,Bread,2
152,Butter,2
152,Eggs,1
153,Apple,3
154,Cheese,4
154,Bread,6
154,Butter,1
154,Jam,9
155,Butter,8
155,Bread,6
156,Banana,2
156,Bread,8
156,Cheese,7
156,Butter,4
156,Jam,3
156,Eggs,6
157,Jam,1
157,Butter,2
157,Cheese,7
157,Bread,3
158,Jam,1
158,Banana,2
158,Cheese,9
159,Eggs,7
159,Apple,8
159,Milk,8
160,Cheese,9
160,Eggs,2
160,Apple,8
160,Jam,8
161,Cheese,5
161,Jam,5
162,Eggs,5
162,Banana,2
162,Cheese,2
162,Jam,5
163,Cheese,3
163,Bread,1
163,Butter,9
163,Jam,2
164,Milk,2
164,Apple,4
164,Eggs,2
165,Apple,1
165,Cheese,2
165,Bread,5
165,Butter,2
165,Jam,9
166,Banana,9
166,Jam,1
166,Butter,1
166,Eggs,1
166,Bread,4
166,Cheese,9
167,Jam,7
167,Butter,1
167,Apple,3
167,Bread,9
167,Cheese,9
168,Bread,6
168,Butter,6
169,Banana,4
169,Milk,1
169,Eggs,5
170,Eggs,1
170,Milk,1
171,Eggs,5
171,Cheese,5
171,Jam,7
172,Butter,2
172,Apple,6
172,Eggs,2
172,Bread,5
172,Milk,4
173,Jam,5
173,Cheese,2
173,Bread,8
173,Butter,8
174,Butter,3
174,Banana,4
174,Bread,1
175,Jam,9
175,Bread,5
175,Cheese,8
175,Butter,3
175,Eggs,4
176,Apple,8
176,Cheese,9
176,Eggs,3
176,Bread,7
176,Butter,9
176,Jam,2
177,Eggs,3
177,Banana,8
177,Jam,4
177,Bread,9
177,Butter,1
177,Cheese,1
178,Cheese,3
178,Bread,3
178,Butter,2
178,Apple,2
178,Jam,8
179,Milk,8
179,Eggs,3
180,Banana,9
180,Cheese,5
180,Jam,5
181,Bread,6
181,Butter,4
182,Jam,7
182,Bread,9
182,Apple,6
182,Butter,1
182,Cheese,9
183,Bread,9
183,Jam,5
183,Butter,7
183,Cheese,1
183,Eggs,4
184,Banana,4
184,Butter,5
184,Cheese,6
184,Jam,4
184,Bread,6
185,Jam,7
185,Cheese,3
186,Bread,8
186,Butter,1
187,Eggs,2
187,Milk,2
188,Bread,9
188,Butter,9
189,Apple,1
190,Jam,3
190,Eggs,9
190,Apple,8
190,Cheese,3
191,Bread,9
191,Butter,1
192,Banana,3
192,Milk,6
192,Eggs,6
193,Jam,4
193,Eggs,2
193,Cheese,6
194,Jam,5
194,Cheese,6
195,Jam,9
195,Cheese,7
195,Eggs,4
196,Eggs,5
196,Cheese,6
196,Jam,9
197,Butter,5
197,Bread,7
198,Bread,2
198,Butter,3
198,Eggs,2
198,Banana,2
198,Milk,3
199,Butter,5
199,Cheese,5
199,Bread,2
199,Jam,2
200,Cheese,1
200,Bread,3
200,Jam,7
200,Butter,5
200,Eggs,7
201,Eggs,9
201,Butter,6
201,Cheese,2
201,Apple,1
201,Bread,1
201,Jam,9
202,Butter,6
202,Jam,6
202,Bread,4
202,Cheese,2
203,Butter,3
203,Cheese,3
203,Bread,8
203,Jam,6
204,Apple,9
204,Bread,1
204,Jam,2
204,Butter,9
204,Cheese,5
205,Banana,1
205,Bread,9
205,Cheese,9
205,Butter,4
205,Jam,9
205,Eggs,1
206,Butter,5
206,Jam,1
206,Cheese,4
206,Bread,5
207,Butter,3
207,Milk,2
207,Bread,6
207,Eggs,3
208,Bread,1
208,Cheese,5
208,Butter,2
208,Jam,2
209,Jam,4
209,Banana,4
209,Eggs,4
209,Cheese,7
210,Bread,8
210,Butter,9
211,Eggs,6
211,Bread,4
211,Butter,6
211,Milk,7
212,Butter,1
212,Eggs,5
212,Bread,8
212,Milk,8
213,Jam,9
213,Butter,4
213,Bread,6
213,Eggs,7
213,Cheese,5
214,Milk,8
214,Bread,3
214,Eggs,8
214,Butter,5
215,Butter,6
215,Bread,2
216,Eggs,7
216,Jam,9
216,Apple,3
216,Cheese,4
217,Cheese,4
217,Eggs,3
217,Butter,5
217,Bread,9
217,Jam,8
218,Milk,2
218,Banana,9
218,Eggs,2
219,Apple,5
219,Eggs,7
219,Milk,5
220,Butter,6
220,Eggs,8
220,Bread,1
220,Banana,1
220,Milk,5
221,Eggs,1
221,Milk,3
221,Butter,9
221,Bread,7
222,Eggs,6
222,Butter,8
222,Apple,8
222,Bread,6
222,Milk,4
223,Eggs,4
223,Jam,6
223,Apple,1
223,Cheese,2
224,Butter,1
224,Bread,9
225,Eggs,6
225,Apple,7
225,Butter,1
225,Bread,8
225,Milk,5
226,Jam,6
226,Cheese,7
227,Butter,5
227,Eggs,1
227,Apple,9
227,Bread,6
227,Milk,9
228,Bread,4
228,Banana,2
228,Butter,3
229,Cheese,4
229,Butter,8
229,Jam,3
229,Banana,8
229,Bread,6
230,Eggs,7
230,Cheese,5
230,Jam,5
231,Bread,3
231,Butter,4
232,Milk,1
232,Eggs,7
233,Eggs,6
233,Apple,9
233,Cheese,3
233,Jam,2
234,Banana,9
235,Butter,1
235,Cheese,1
235,Apple,3
235,Jam,3
235,Bread,5
236,Jam,6
236,Apple,8
236,Cheese,8
236,Eggs,4
237,Banana,7
238,Butter,5
238,Apple,4
238,Bread,6
239,Banana,6
239,Cheese,3
239,Bread,9
239,Jam,3
239,Butter,4
240,Banana,5
241,Butter,2
241,Banana,2
241,Eggs,6
241,Bread,2
241,Milk,1
242,Eggs,1
242,Butter,6
242,Apple,1
242,Bread,8
242,Milk,5
243,Eggs,5
243,Bread,1
243,Milk,1
243,Butter,4
244,Banana,9
245,Bread,3
245,Butter,4
246,Banana,7
246,Butter,3
246,Bread,1
247,Bread,3
247,Butter,6
248,Butter,1
248,Jam,7
248,Apple,2
248,Bread,5
248,Cheese,8
249,Milk,8
249,Butter,6
249,Apple,7
249,Bread,9
249,Eggs,6
250,Banana,2
251,Bread,2
251,Butter,2
252,Jam,2
252,Cheese,3
252,Eggs,8
253,Apple,4
253,Bread,9
253,Milk,8
253,Butter,1
253,Eggs,8
254,Butter,1
254,Cheese,4
254,Eggs,6
254,Banana,7
254,Bread,4
254,Jam,8
255,Jam,8
255,Apple,9
255,Bread,6
255,Butter,4
255,Cheese,2
255,Eggs,7
256,Bread,3
256,Butter,3
256,Apple,3
256,Eggs,4
256,Milk,2
257,Apple,5
257,Cheese,3
257,Jam,5
257,Eggs,7
258,Butter,2
258,Bread,9
259,Milk,6
259,Eggs,6
260,Milk,3
260,Bread,9
260,Banana,4
260,Butter,5
260,Eggs,3
261,Apple,8
262,Butter,8
262,Jam,6
262,Apple,1
262,Eggs,6
262,Bread,7
262,Cheese,9
263,Apple,8
263,Bread,8
263,Butter,7
264,Cheese,1
264,Jam,2
264,Eggs,6
265,Bread,2
265,Butter,4
266,Jam,3
266,Eggs,6
266,Cheese,8
267,Bread,6
267,Banana,2
267,Butter,5
268,Apple,6
268,Butter,9
268,Cheese,6
268,Bread,5
268,Jam,1
269,Apple,5
270,Apple,6
271,Apple,4
271,Eggs,7
271,Jam,5
271,Cheese,6
272,Butter,8
272,Bread,9
272,Cheese,2
272,Jam,4
272,Eggs,8
273,Bread,9
273,Cheese,3
273,Apple,1
273,Butter,9
273,Jam,1
273,Eggs,3
274,Milk,9
274,Apple,1
274,Eggs,7
275,Jam,7
275,Bread,1
275,Butter,8
275,Cheese,2
276,Butter,8
276,Apple,3
276,Eggs,1
276,Bread,9
276,Milk,8
277,Butter,4
277,Banana,8
277,Bread,5
278,Eggs,1
278,Apple,5
278,Milk,6
279,Bread,7
279,Butter,3
279,Apple,7
279,Eggs,1
279,Milk,7
280,Jam,1
280,Cheese,2
281,Jam,4
281,Banana,1
281,Cheese,4
282,Jam,4
282,Banana,4
282,Cheese,9
283,Eggs,1
283,Milk,5
284,Apple,4
284,Milk,5
284,Eggs,2
285,Eggs,7
285,Cheese,7
285,Apple,4
285,Jam,1
286,Bread,4
286,Butter,4
287,Jam,7
287,Apple,9
287,Cheese,9
288,Eggs,5
288,Jam,3
288,Cheese,3
289,Apple,6
289,Bread,1
289,Jam,7
289,Butter,3
289,Cheese,5
290,Jam,7
290,Butter,7
290,Eggs,9
290,Apple,1
290,Bread,3
290,Cheese,9
291,Eggs,2
291,Cheese,8
291,Banana,8
291,Butter,2
291,Bread,8
291,Jam,3
292,Apple,9
292,Jam,4
292,Cheese,6
293,Eggs,5
293,Milk,1
294,Bread,9
294,Eggs,3
294,Butter,2
294,Milk,4
295,Eggs,7
295,Milk,7
296,Butter,8
296,Bread,2
297,Jam,8
297,Apple,8
297,Cheese,5
297,Eggs,3
298,Milk,7
298,Eggs,1
299,Butter,5
299,Banana,6
299,Eggs,9
299,Cheese,8
299,Bread,3
299,Jam,5
300,Apple,4
300,Eggs,1
300,Jam,5
300,Cheese,7
301,Apple,4
302,Jam,9
302,Cheese,8
303,Bread,3
303,Cheese,5
303,Butter,7
303,Jam,3
304,Apple,7
304,Eggs,5
304,Bread,6
304,Milk,6
304,Butter,4
305,Apple,8
305,Jam,9
305,Bread,2
305,Butter,9
305,Cheese,4
305,Eggs,6
306,Eggs,7
306,Milk,4
306,Apple,8
307,Cheese,8
307,Jam,1
308,Jam,3
308,Eggs,5
308,Bread,8
308,Butter,6
308,Cheese,4
309,Apple,4
309,Milk,4
309,Eggs,6
310,Bread,5
310,Jam,8
310,Cheese,7
310,Butter,8
311,Jam,4
311,Eggs,8
311,Cheese,6
312,Eggs,8
312,Apple,7
312,Butter,5
312,Bread,4
312,Milk,1
313,Eggs,3
313,Jam,2
313,Cheese,8
314,Butter,8
314,Milk,5
314,Bread,5
314,Eggs,4
315,Banana,1
316,Milk,6
316,Eggs,4
317,Bread,3
317,Butter,9
317,Cheese,3
317,Jam,8
317,Eggs,2
318,Jam,1
318,Cheese,5
318,Butter,2
318,Bread,1
318,Eggs,1
319,Banana,5
319,Milk,9
319,Eggs,6
320,Bread,4
320,Apple,3
320,Cheese,8
320,Butter,3
320,Jam,1
321,Banana,5
321,Eggs,5
321,Cheese,5
321,Jam,8
322,Eggs,8
322,Apple,4
322,Cheese,9
322,Butter,1
322,Bread,5
322,Jam,5
323,Banana,8
324,Jam,3
324,Cheese,9
325,Cheese,8
325,Jam,3
326,Bread,4
326,Butter,2
327,Eggs,5
327,Butter,2
327,Cheese,8
327,Bread,1
327,Jam,3
328,Apple,1
328,Milk,2
328,Eggs,3
329,Milk,2
329,Banana,2
329,Eggs,6
330,Apple,6
330,Bread,6
330,Milk,9
330,Butter,8
330,Eggs,8
331,Milk,5
331,Butter,9
331,Bread,2
331,Eggs,7
332,Bread,7
332,Banana,4
332,Butter,9
333,Eggs,2
333,Bread,4
333,Apple,5
333,Butter,2
333,Milk,8
334,Milk,3
334,Eggs,1
335,Banana,5
335,Bread,8
335,Eggs,7
335,Butter,9
335,Milk,2
336,Butter,8
336,Apple,8
336,Milk,6
336,Bread,3
336,Eggs,2
337,Apple,8
337,Milk,6
337,Eggs,4
338,Jam,5
338,Cheese,9
339,Jam,9
339,Cheese,8
340,Butter,2
340,Eggs,3
340,Bread,8
340,Apple,5
340,Milk,7
341,Jam,8
341,Cheese,6
341,Eggs,5
342,Apple,1
342,Eggs,1
342,Jam,1
342,Cheese,3
343,Butter,6
343,Banana,6
343,Bread,5
344,Milk,7
344,Eggs,5
345,Butter,2
345,Apple,4
345,Bread,1
346,Bread,4
346,Banana,4
346,Eggs,4
346,Butter,3
346,Milk,8
347,Bread,8
347,Banana,9
347,Milk,1
347,Butter,4
347,Eggs,6
348,Milk,6
348,Bread,6
348,Apple,4
348,Butter,9
348,Eggs,7
349,Cheese,6
349,Jam,1
349,Eggs,2
350,Butter,6
350,Milk,1
350,Bread,5
350,Eggs,1
351,Butter,3
351,Bread,7
352,Bread,1
352,Butter,1
353,Jam,8
353,Eggs,9
353,Bread,7
353,Butter,3
353,Cheese,6
354,Cheese,4
354,Jam,4
354,Eggs,3
355,Jam,6
355,Apple,5
355,Cheese,9
356,Banana,3
357,Eggs,9
357,Milk,3
358,Jam,1
358,Banana,5
358,Cheese,9
358,Butter,2
358,Bread,4
359,Bread,2
359,Milk,8
359,Butter,9
359,Eggs,3
360,Cheese,9
360,Jam,6
361,Banana,7
361,Butter,5
361,Bread,6
362,Cheese,1
362,Banana,3
362,Eggs,9
362,Jam,5
363,Apple,8
364,Jam,2
364,Banana,7
364,Cheese,9
364,Eggs,7
365,Eggs,5
365,Cheese,6
365,Banana,4
365,Butter,7
365,Bread,1
365,Jam,4
366,Jam,4
366,Apple,1
366,Cheese,2
367,Eggs,9
367,Apple,7
367,Bread,6
367,Butter,2
367,Milk,1
368,Banana,7
368,Eggs,2
368,Milk,3
369,Cheese,7
369,Jam,9
369,Banana,4
369,Eggs,7
370,Apple,2
371,Apple,2
371,Bread,6
371,Butter,9
372,Eggs,5
372,Jam,7
372,Bread,1
372,Butter,8
372,Cheese,9
373,Milk,5
373,Banana,6
373,Eggs,8
374,Apple,2
374,Bread,8
374,Milk,2
374,Butter,5
374,Eggs,6
375,Jam,6
375,Cheese,6
376,Milk,3
376,Eggs,9
376,Butter,3
376,Bread,3
377,Eggs,2
377,Cheese,7
377,Banana,4
377,Jam,1
378,Cheese,5
378,Jam,2
378,Eggs,6
379,Eggs,3
379,Milk,4
380,Bread,3
380,Butter,6
381,Banana,4
381,Jam,1
381,Butter,5
381,Bread,5
381,Cheese,9
382,Jam,8
382,Apple,8
382,Cheese,5
382,Eggs,8
383,Eggs,7
383,Jam,1
383,Cheese,7
384,Eggs,8
384,Apple,3
384,Bread,9
384,Butter,8
384,Milk,2
385,Jam,4
385,Butter,3
385,Bread,6
385,Cheese,9
386,Apple,5
387,Cheese,4
387,Eggs,7
387,Jam,2
388,Jam,2
388,Apple,1
388,Cheese,5
388,Eggs,2
389,Butter,8
389,Milk,1
389,Apple,4
389,Bread,9
389,Eggs,5
390,Jam,6
390,Bread,3
390,Eggs,5
390,Butter,1
390,Cheese,8
391,Jam,6
391,Cheese,2
391,Eggs,4
392,Eggs,9
392,Jam,9
392,Cheese,5
393,Butter,3
393,Apple,1
393,Jam,6
393,Bread,8
393,Cheese,1
394,Cheese,1
394,Apple,7
394,Jam,7
394,Eggs,2
395,Eggs,2
395,Apple,6
395,Jam,8
395,Cheese,8
396,Jam,1
396,Cheese,9
396,Butter,8
396,Bread,9
396,Eggs,9
397,Bread,6
397,Butter,3
397,Banana,1
398,Butter,8
398,Cheese,3
398,Bread,7
398,Jam,6
398,Eggs,3
399,Jam,3
399,Banana,9
399,Cheese,1
400,Bread,8
400,Butter,5
401,Jam,4
401,Apple,1
401,Butter,9
401,Bread,9
401,Cheese,5
402,Jam,9
402,Bread,9
402,Butter,7
402,Cheese,8
403,Cheese,4
403,Jam,4
404,Apple,9
404,Jam,3
404,Cheese,1
404,Eggs,5
405,Eggs,4
405,Apple,9
405,Milk,6
406,Apple,3
407,Cheese,5
407,Bread,6
407,Butter,4
407,Jam,3
408,Apple,7
409,Butter,6
409,Cheese,2
409,Eggs,1
409,Bread,5
409,Jam,5
410,Eggs,6
410,Cheese,3
410,Jam,1
410,Apple,4
411,Bread,2
411,Jam,8
411,Eggs,6
411,Butter,3
411,Cheese,1
412,Milk,3
412,Eggs,8
412,Bread,4
412,Banana,3
412,Butter,4
413,Eggs,4
413,Banana,2
413,Milk,4
414,Cheese,9
414,Eggs,4
414,Jam,1
415,Banana,1
416,Eggs,5
416,Apple,6
416,Milk,6
417,Bread,6
417,Cheese,9
417,Butter,1
417,Banana,6
417,Jam,8
418,Butter,8
418,Eggs,3
418,Apple,5
418,Bread,4
418,Milk,1
419,Cheese,5
419,Jam,2
420,Jam,2
420,Eggs,7
420,Apple,4
420,Cheese,1
421,Milk,2
421,Eggs,7
422,Jam,9
422,Eggs,1
422,Cheese,2
422,Apple,6
423,Apple,7
423,Jam,9
423,Bread,2
423,Cheese,9
423,Butter,4
424,Butter,3
424,Eggs,7
424,Milk,5
424,Bread,5
425,Eggs,2
425,Cheese,6
425,Jam,6
426,Jam,4
426,Apple,5
426,Cheese,7
426,Butter,8
426,Bread,6
427,Butter,3
427,Bread,7
428,Cheese,3
428,Apple,5
428,Jam,2
428,Eggs,4
429,Milk,4
429,Eggs,8
429,Apple,3
430,Milk,5
430,Eggs,2
431,Eggs,4
431,Milk,9
432,Apple,2
433,Banana,9
434,Eggs,6
434,Banana,9
434,Milk,4
435,Milk,7
435,Banana,9
435,Eggs,6
436,Apple,4
436,Cheese,1
436,Jam,4
436,Eggs,3
437,Apple,5
437,Bread,3
437,Butter,2
438,Bread,2
438,Butter,5
439,Apple,8
440,Eggs,5
440,Apple,2
440,Milk,4
441,Cheese,6
441,Jam,7
441,Butter,5
441,Bread,2
442,Cheese,2
442,Banana,8
442,Butter,7
442,Bread,3
442,Jam,4
442,Eggs,7
443,Apple,9
443,Bread,7
443,Milk,1
443,Butter,1
443,Eggs,4
444,Apple,9
444,Eggs,4
444,Milk,5
445,Banana,2
446,Milk,4
446,Apple,4
446,Bread,6
446,Butter,6
446,Eggs,8
447,Eggs,9
447,Jam,1
447,Cheese,1
448,Milk,6
448,Eggs,4
448,Apple,4
449,Apple,9
450,Bread,3
450,Eggs,5
450,Butter,1
450,Cheese,8
450,Jam,3
451,Butter,1
451,Bread,6
452,Eggs,3
452,Milk,5
453,Bread,7
453,Jam,6
453,Cheese,3
453,Butter,8
453,Eggs,8
454,Jam,2
454,Eggs,7
454,Cheese,1
455,Banana,8
455,Butter,1
455,Bread,2
456,Jam,1
456,Apple,5
456,Bread,7
456,Cheese,6
456,Butter,6
457,Cheese,8
457,Jam,5
457,Eggs,7
458,Butter,9
458,Jam,3
458,Banana,6
458,Bread,3
458,Cheese,1
459,Eggs,3
459,Milk,4
460,Eggs,2
460,Apple,9
460,Milk,8
461,Cheese,3
461,Eggs,7
461,Jam,4
461,Butter,5
461,Bread,4
462,Bread,7
462,Butter,4
463,Apple,8
463,Jam,2
463,Cheese,7
463,Eggs,1
464,Banana,6
464,Eggs,5
464,Bread,9
464,Cheese,9
464,Butter,3
464,Jam,9
465,Milk,9
465,Eggs,2
466,Eggs,2
466,Milk,1
467,Butter,4
467,Jam,5
467,Eggs,4
467,Bread,6
467,Cheese,2
468,Cheese,4
468,Bread,8
468,Banana,3
468,Eggs,5
468,Butter,3
468,Jam,7
469,Jam,3
469,Apple,8
469,Bread,9
469,Butter,2
469,Cheese,3
470,Banana,7
470,Butter,5
470,Eggs,7
470,Jam,2
470,Bread,4
470,Cheese,1
471,Cheese,5
471,Jam,8
471,Eggs,1
472,Jam,7
472,Butter,7
472,Bread,1
472,Cheese,3
472,Eggs,2
473,Cheese,5
473,Eggs,2
473,Jam,5
474,Bread,4
474,Butter,7
475,Jam,6
475,Cheese,2
476,Banana,4
476,Butter,7
476,Cheese,9
476,Bread,9
476,Jam,3
477,Banana,9
478,Jam,8
478,Eggs,7
478,Apple,6
478,Cheese,7
479,Butter,9
479,Cheese,6
479,Jam,3
479,Bread,3
480,Milk,8
480,Eggs,9
480,Butter,8
480,Apple,2
480,Bread,4
481,Cheese,2
481,Bread,8
481,Jam,3
481,Apple,2
481,Butter,7
482,Banana,1
482,Butter,6
482,Eggs,3
482,Bread,3
482,Milk,5
483,Eggs,3
483,Bread,4
483,Butter,3
483,Milk,7
484,Butter,3
484,Cheese,4
484,Bread,2
484,Banana,2
484,Jam,9
485,Eggs,1
485,Jam,1
485,Cheese,1
486,Banana,3
486,Cheese,2
486,Jam,3
487,Eggs,5
487,Apple,9
487,Milk,2
488,Butter,1
488,Jam,6
488,Bread,3
488,Cheese,7
488,Eggs,6
489,Banana,7
489,Butter,5
489,Milk,1
489,Bread,3
489,Eggs,3
490,Butter,3
490,Cheese,5
490,Banana,4
490,Bread,4
490,Jam,7
491,Banana,7
492,Apple,8
492,Cheese,3
492,Jam,3
492,Eggs,4
493,Eggs,6
493,Jam,7
493,Apple,1
493,Cheese,4
494,Eggs,7
494,Apple,2
494,Milk,1
495,Eggs,6
495,Milk,5
496,Eggs,3
496,Milk,7
497,Eggs,9
497,Jam,9
497,Banana,6
497,Cheese,3
498,Jam,3
498,Cheese,2
499,Cheese,5
499,Apple,8
499,Jam,5
500,Eggs,1
500,Bread,3
500,Cheese,5
500,Butter,7
500,Jam,5
501,Butter,5
501,Cheese,7
501,Bread,8
501,Jam,8
502,Butter,3
502,Milk,2
502,Apple,1
502,Bread,6
502,Eggs,9
503,Banana,5
503,Eggs,9
503,Milk,9
504,Jam,4
504,Cheese,2
504,Eggs,2
505,Apple,1
505,Cheese,4
505,Jam,6
505,Eggs,6
506,Butter,5
506,Jam,9
506,Bread,2
506,Cheese,2
506,Eggs,4
507,Apple,4
507,Cheese,4
507,Jam,1
508,Butter,5
508,Jam,9
508,Apple,3
508,Bread,3
508,Cheese,5
509,Banana,6
509,Cheese,3
509,Jam,1
510,Milk,8
510,Eggs,1
511,Apple,3
512,Bread,4
512,Apple,4
512,Butter,9
513,Apple,2
513,Eggs,7
513,Milk,3
514,Cheese,6
514,Jam,8
515,Milk,1
515,Eggs,2
516,Butter,3
516,Milk,1
516,Bread,6
516,Eggs,5
517,Eggs,9
517,Milk,6
518,Cheese,1
518,Jam,1
519,Banana,1
519,Butter,7
519,Cheese,6
519,Bread,5
519,Jam,4
520,Apple,8
520,Eggs,8
520,Milk,5
521,Cheese,4
521,Jam,2
521,Eggs,7
522,Milk,3
522,Eggs,9
523,Eggs,8
523,Milk,1
524,Banana,3
524,Cheese,2
524,Bread,4
524,Eggs,2
524,Butter,8
524,Jam,1
525,Butter,5
525,Jam,4
525,Bread,8
525,Cheese,2
526,Cheese,2
526,Jam,2
527,Cheese,2
527,Jam,8
528,Apple,8
528,Bread,7
528,Butter,4
529,Jam,8
529,Bread,6
529,Butter,6
529,Cheese,3
530,Cheese,2
530,Jam,5
531,Cheese,7
531,Jam,4
532,Eggs,6
532,Butter,9
532,Bread,4
532,Milk,6
533,Milk,9
533,Eggs,1
534,Jam,1
534,Apple,4
534,Bread,3
534,Butter,4
534,Cheese,7
534,Eggs,9
535,Jam,1
535,Cheese,1
536,Eggs,4
536,Milk,3
537,Apple,9
538,Apple,6
539,Banana,1
540,Butter,7
540,Bread,8
541,Bread,8
541,Cheese,7
541,Butter,9
541,Banana,1
541,Jam,2
542,Bread,3
542,Butter,5
543,Cheese,4
543,Jam,8
543,Butter,8
543,Banana,7
543,Bread,1
544,Butter,4
544,Cheese,1
544,Bread,5
544,Jam,3
545,Butter,4
545,Jam,2
545,Apple,7
545,Bread,4
545,Cheese,5
546,Milk,2
546,Banana,6
546,Bread,9
546,Butter,8
546,Eggs,8
547,Butter,4
547,Banana,8
547,Bread,1
548,Cheese,3
548,Bread,8
548,Apple,6
548,Butter,7
548,Jam,2
549,Banana,1
549,Jam,6
549,Cheese,3
550,Butter,9
550,Eggs,3
550,Cheese,2
550,Jam,2
550,Bread,2
551,Butter,2
551,Bread,7
552,Eggs,7
552,Apple,2
552,Bread,7
552,Butter,8
552,Milk,8
553,Milk,2
553,Bread,5
553,Butter,6
553,Eggs,9
554,Apple,6
554,Cheese,6
554,Jam,9
555,Butter,7
555,Jam,1
555,Bread,1
555,Cheese,4
556,Cheese,2
556,Bread,3
556,Butter,7
556,Jam,7
556,Eggs,3
557,Milk,2
557,Eggs,1
558,Apple,3
559,Eggs,4
559,Milk,6
560,Banana,7
561,Cheese,6
561,Banana,1
561,Jam,6
562,Jam,6
562,Bread,5
562,Butter,3
562,Cheese,3
562,Eggs,7
563,Apple,3
563,Cheese,3
563,Jam,7
563,Eggs,7
564,Cheese,9
564,Eggs,6
564,Bread,7
564,Butter,1
564,Jam,7
565,Eggs,7
565,Apple,3
565,Milk,9
566,Butter,5
566,Bread,7
567,Banana,2
567,Cheese,1
567,Jam,7
567,Butter,6
567,Bread,6
568,Cheese,3
568,Jam,4
569,Eggs,2
569,Apple,3
569,Milk,6
570,Butter,4
570,Bread,6
571,Butter,6
571,Bread,3
572,Bread,4
572,Butter,7
573,Jam,6
573,Eggs,7
573,Cheese,2
574,Cheese,6
574,Bread,8
574,Butter,6
574,Jam,2
575,Bread,1
575,Banana,7
575,Jam,8
575,Cheese,2
575,Butter,5
576,Banana,8
576,Eggs,8
576,Milk,5
577,Milk,6
577,Banana,5
577,Butter,4
577,Eggs,5
577,Bread,4
578,Butter,3
578,Bread,8
579,Bread,7
579,Milk,3
579,Banana,9
579,Butter,6
579,Eggs,8
580,Cheese,3
580,Eggs,4
580,Bread,6
580,Banana,2
580,Butter,7
580,Jam,2
581,Eggs,5
581,Banana,4
581,Butter,9
581,Bread,2
581,Milk,7
582,Cheese,7
582,Jam,7
583,Banana,8
584,Banana,5
584,Jam,2
584,Cheese,5
585,Eggs,6
585,Jam,5
585,Cheese,4
586,Bread,8
586,Jam,1
586,Eggs,2
586,Butter,3
586,Cheese,1
587,Milk,3
587,Banana,8
587,Bread,4
587,Butter,7
587,Eggs,7
588,Eggs,5
588,Jam,1
588,Cheese,4
588,Bread,7
588,Butter,5
589,Milk,8
589,Butter,2
589,Bread,8
589,Eggs,2
590,Jam,5
590,Apple,4
590,Cheese,1
591,Bread,8
591,Cheese,3
591,Butter,4
591,Jam,4
592,Banana,3
593,Apple,4
594,Butter,4
594,Bread,6
595,Eggs,8
595,Cheese,7
595,Bread,4
595,Butter,4
595,Jam,5
596,Eggs,5
596,Milk,1
597,Jam,8
597,Cheese,5
598,Cheese,3
598,Eggs,4
598,Banana,7
598,Jam,5
599,Milk,5
599,Eggs,5
600,Bread,7
600,Banana,5
600,Butter,2
601,Cheese,2
601,Jam,4
602,Cheese,7
602,Jam,1
603,Butter,7
603,Milk,6
603,Apple,7
603,Bread,5
603,Eggs,8
604,Butter,4
604,Jam,1
604,Bread,2
604,Cheese,6
605,Jam,3
605,Cheese,7
605,Butter,7
605,Apple,2
605,Bread,8
606,Eggs,1
606,Milk,7
606,Bread,1
606,Butter,3
607,Jam,3
607,Eggs,2
607,Cheese,5
608,Bread,6
608,Banana,2
608,Jam,4
608,Butter,7
608,Cheese,1
608,Eggs,3
609,Milk,2
609,Eggs,9
610,Eggs,5
610,Bread,4
610,Butter,4
610,Milk,8
611,Bread,3
611,Jam,4
611,Banana,2
611,Eggs,6
611,Butter,9
611,Cheese,4
612,Apple,6
612,Bread,4
612,Jam,2
612,Butter,6
612,Cheese,7
613,Banana,7
613,Cheese,8
613,Butter,3
613,Eggs,2
613,Bread,5
613,Jam,2
614,Cheese,5
614,Jam,6
614,Eggs,8
615,Butter,4
615,Cheese,3
615,Bread,2
615,Jam,1
616,Jam,2
616,Banana,5
616,Cheese,9
617,Butter,4
617,Bread,7
618,Eggs,3
618,Cheese,8
618,Banana,3
618,Jam,8
619,Bread,2
619,Butter,5
620,Apple,9
620,Butter,3
620,Cheese,5
620,Eggs,9
620,Bread,6
620,Jam,2
621,Cheese,1
621,Jam,7
622,Cheese,2
622,Jam,7
622,Eggs,1
623,Cheese,4
623,Banana,5
623,Bread,1
623,Butter,7
623,Jam,2
623,Eggs,2
624,Bread,9
624,Eggs,6
624,Cheese,1
624,Butter,1
624,Jam,7
625,Banana,3
625,Eggs,9
625,Bread,4
625,Cheese,4
625,Butter,3
625,Jam,8
626,Jam,1
626,Cheese,2
627,Bread,4
627,Butter,7
628,Banana,7
628,Cheese,6
628,Jam,5
629,Butter,4
629,Cheese,8
629,Eggs,7
629,Bread,1
629,Jam,6
630,Bread,2
630,Jam,4
630,Butter,5
630,Cheese,8
631,Banana,2
631,Jam,5
631,Cheese,5
632,Butter,1
632,Eggs,8
632,Bread,3
632,Milk,5
633,Apple,3
633,Bread,6
633,Milk,5
633,Butter,7
633,Eggs,3
634,Butter,2
634,Bread,4
635,Cheese,4
635,Banana,7
635,Jam,5
635,Eggs,4
636,Banana,6
636,Cheese,7
636,Jam,5
637,Cheese,7
637,Apple,3
637,Jam,7
637,Eggs,3
638,Bread,6
638,Milk,8
638,Butter,6
638,Eggs,3
639,Apple,5
639,Milk,9
639,Eggs,8
639,Butter,6
639,Bread,9
640,Apple,9
641,Jam,6
641,Eggs,9
641,Cheese,4
642,Butter,2
642,Bread,3
643,Butter,4
643,Bread,2
644,Eggs,2
644,Bread,1
644,Banana,2
644,Cheese,4
644,Butter,6
644,Jam,7
645,Banana,7
645,Jam,4
645,Cheese,5
645,Eggs,3
646,Jam,8
646,Cheese,7
647,Apple,9
647,Bread,4
647,Butter,5
648,Banana,7
649,Jam,9
649,Cheese,8
650,Apple,1
650,Cheese,6
650,Jam,9
651,Apple,7
652,Eggs,9
652,Milk,3
653,Bread,9
653,Jam,4
653,Butter,9
653,Cheese,8
654,Cheese,7
654,Eggs,4
654,Banana,9
654,Jam,4
655,Cheese,6
655,Jam,4
656,Eggs,3
656,Cheese,5
656,Jam,3
657,Butter,9
657,Cheese,6
657,Eggs,3
657,Bread,5
657,Jam,8
658,Milk,8
658,Eggs,6
659,Cheese,5
659,Jam,1
660,Banana,2
660,Bread,4
660,Eggs,6
660,Cheese,7
660,Butter,1
660,Jam,8
661,Apple,1
661,Eggs,9
661,Bread,4
661,Butter,7
661,Milk,6
662,Banana,9
662,Butter,2
662,Jam,7
662,Bread,5
662,Cheese,7
663,Butter,9
663,Bread,1
664,Cheese,5
664,Jam,8
664,Eggs,1
665,Eggs,2
665,Jam,7
665,Butter,7
665,Bread,9
665,Cheese,6
666,Cheese,7
666,Butter,7
666,Jam,4
666,Bread,2
666,Eggs,9
667,Apple,8
667,Cheese,5
667,Jam,5
668,Bread,9
668,Butter,8
669,Jam,6
669,Cheese,8
670,Bread,4
670,Cheese,3
670,Butter,7
670,Jam,2
671,Bread,1
671,Butter,5
671,Jam,9
671,Cheese,1
672,Cheese,9
672,Apple,9
672,Bread,8
672,Butter,4
672,Jam,7
673,Eggs,7
673,Milk,6
674,Apple,1
675,Eggs,1
675,Bread,1
675,Cheese,3
675,Butter,8
675,Jam,8
676,Eggs,7
676,Bread,5
676,Butter,8
676,Milk,2
677,Cheese,2
677,Eggs,5
677,Apple,4
677,Jam,1
678,Eggs,7
678,Milk,1
679,Banana,9
679,Eggs,5
679,Milk,7
680,Butter,7
680,Bread,7
681,Butter,5
681,Bread,9
681,Apple,2
682,Bread,2
682,Apple,8
682,Butter,1
682,Eggs,9
682,Milk,5
683,Butter,3
683,Eggs,4
683,Milk,1
683,Bread,3
684,Butter,8
684,Eggs,2
684,Cheese,2
684,Bread,9
684,Jam,5
685,Cheese,1
685,Jam,6
686,Cheese,6
686,Eggs,7
686,Bread,4
686,Butter,2
686,Jam,1
687,Bread,6
687,Jam,9
687,Cheese,5
687,Butter,2
687,Eggs,1
688,Apple,4
688,Eggs,7
688,Milk,9
689,Eggs,9
689,Cheese,7
689,Banana,8
689,Butter,8
689,Bread,1
689,Jam,9
690,Butter,7
690,Eggs,5
690,Bread,4
690,Milk,1
691,Cheese,3
691,Jam,1
692,Jam,3
692,Banana,2
692,Butter,6
692,Bread,4
692,Cheese,4
692,Eggs,2
693,Banana,6
693,Cheese,5
693,Jam,9
694,Jam,5
694,Cheese,1
694,Banana,2
694,Butter,3
694,Bread,5
695,Apple,5
695,Jam,4
695,Cheese,3
695,Eggs,9
696,Eggs,6
696,Milk,7
697,Jam,4
697,Eggs,3
697,Cheese,8
698,Jam,1
698,Cheese,9
699,Eggs,1
699,Jam,7
699,Cheese,5
700,Bread,7
700,Eggs,9
700,Butter,8
700,Milk,6
701,Butter,8
701,Jam,4
701,Bread,8
701,Cheese,7
702,Bread,8
702,Banana,2
702,Jam,9
702,Eggs,6
702,Butter,7
702,Cheese,1
703,Banana,5
703,Eggs,7
703,Butter,1
703,Bread,9
703,Milk,5
704,Bread,3
704,Butter,7
705,Apple,8
705,Jam,3
705,Cheese,7
706,Cheese,4
706,Bread,9
706,Apple,1
706,Butter,1
706,Jam,5
707,Cheese,3
707,Jam,9
708,Bread,7
708,Butter,1
709,Cheese,4
709,Butter,9
709,Bread,5
709,Jam,5
710,Apple,8
711,Bread,7
711,Jam,1
711,Butter,9
711,Cheese,3
712,Jam,2
712,Cheese,4
713,Butter,4
713,Apple,3
713,Jam,2
713,Bread,5
713,Cheese,4
714,Milk,8
714,Eggs,2
715,Bread,1
715,Butter,8
716,Cheese,5
716,Eggs,2
716,Apple,8
716,Jam,5
717,Bread,3
717,Apple,7
717,Butter,4
718,Milk,6
718,Apple,8
718,Eggs,1
719,Bread,8
719,Butter,7
720,Apple,9
721,Banana,8
721,Jam,6
721,Cheese,1
722,Bread,2
722,Apple,7
722,Eggs,9
722,Jam,6
722,Butter,4
722,Cheese,5
723,Jam,1
723,Butter,4
723,Eggs,3
723,Bread,9
723,Cheese,6
724,Eggs,4
724,Butter,3
724,Banana,4
724,Bread,8
724,Milk,5
725,Bread,1
725,Butter,5
726,Cheese,4
726,Apple,2
726,Bread,3
726,Butter,9
726,Jam,7
727,Apple,5
727,Cheese,3
727,Jam,4
727,Eggs,8
728,Apple,3
728,Bread,3
728,Butter,8
729,Cheese,7
729,Jam,7
730,Milk,2
730,Banana,7
730,Eggs,3
731,Apple,7
731,Eggs,4
731,Milk,8
732,Apple,6
732,Jam,3
732,Cheese,6
733,Cheese,3
733,Apple,4
733,Jam,2
734,Jam,1
734,Apple,2
734,Cheese,7
734,Eggs,5
735,Cheese,9
735,Apple,3
735,Butter,2
735,Bread,4
735,Jam,2
736,Banana,7
736,Jam,6
736,Bread,8
736,Butter,5
736,Cheese,2
737,Jam,4
737,Cheese,1
738,Eggs,4
738,Apple,6
738,Milk,4
739,Cheese,2
739,Eggs,9
739,Bread,8
739,Butter,8
739,Jam,5
740,Butter,6
740,Cheese,9
740,Apple,8
740,Bread,7
740,Jam,8
741,Butter,4
741,Jam,6
741,Eggs,5
741,Bread,2
741,Cheese,8
742,Cheese,5
742,Apple,8
742,Jam,9
742,Eggs,9
743,Jam,5
743,Cheese,2
743,Eggs,7
744,Butter,7
744,Bread,8
744,Cheese,8
744,Jam,5
744,Eggs,1
745,Bread,4
745,Butter,4
746,Bread,3
746,Cheese,8
746,Banana,3
746,Butter,5
746,Jam,2
747,Cheese,6
747,Jam,8
747,Eggs,8
748,Butter,5
748,Bread,2
749,Eggs,5
749,Milk,9
750,Eggs,8
750,Jam,1
750,Apple,8
750,Cheese,6
751,Apple,6
751,Cheese,3
751,Bread,8
751,Butter,5
751,Jam,5
752,Milk,7
752,Banana,6
752,Butter,9
752,Bread,7
752,Eggs,3
753,Cheese,5
753,Jam,9
753,Eggs,2
754,Apple,8
755,Eggs,2
755,Bread,8
755,Milk,5
755,Apple,2
755,Butter,7
756,Eggs,3
756,Bread,1
756,Banana,4
756,Butter,2
756,Milk,4
757,Cheese,2
757,Apple,1
757,Butter,3
757,Bread,7
757,Jam,6
757,Eggs,6
758,Jam,8
758,Bread,3
758,Butter,3
758,Cheese,8
758,Eggs,7
759,Jam,5
759,Cheese,4
759,Eggs,6
760,Eggs,6
760,Milk,8
761,Eggs,6
761,Milk,2
762,Butter,6
762,Banana,2
762,Milk,4
762,Bread,6
762,Eggs,5
763,Eggs,6
763,Banana,8
763,Milk,9
764,Milk,6
764,Eggs,6
765,Cheese,2
765,Banana,4
765,Jam,1
766,Banana,1
766,Jam,1
766,Cheese,7
767,Apple,1
767,Cheese,6
767,Butter,2
767,Bread,6
767,Jam,6
768,Apple,3
768,Butter,8
768,Cheese,4
768,Bread,7
768,Jam,4
768,Eggs,1
769,Eggs,5
769,Jam,9
769,Cheese,9
770,Milk,8
770,Bread,7
770,Butter,2
770,Banana,8
770,Eggs,3
771,Apple,7
772,Milk,6
772,Apple,5
772,Bread,4
772,Eggs,2
772,Butter,9
773,Banana,7
773,Bread,7
773,Butter,4
774,Bread,5
774,Jam,6
774,Butter,2
774,Cheese,4
775,Jam,4
775,Bread,4
775,Butter,7
775,Cheese,7
775,Eggs,7
776,Apple,2
776,Eggs,5
776,Cheese,2
776,Jam,5
777,Apple,6
777,Cheese,3
777,Jam,6
777,Eggs,5
778,Apple,9
778,Milk,8
778,Eggs,7
778,Bread,1
778,Butter,9
779,Butter,9
779,Milk,6
779,Bread,7
779,Banana,3
779,Eggs,5
780,Cheese,1
780,Banana,1
780,Butter,5
780,Bread,9
780,Jam,7
781,Jam,5
781,Cheese,8
782,Milk,2
782,Apple,7
782,Bread,5
782,Butter,9
782,Eggs,3
783,Bread,4
783,Butter,7
784,Bread,2
784,Butter,5
785,Apple,9
785,Eggs,1
785,Butter,4
785,Jam,3
785,Bread,5
785,Cheese,5
786,Eggs,2
786,Banana,5
786,Milk,9
787,Bread,2
787,Butter,7
788,Butter,6
788,Jam,7
788,Cheese,8
788,Bread,5
789,Jam,7
789,Butter,7
789,Bread,8
789,Cheese,7
790,Butter,7
790,Bread,9
790,Apple,8
790,Cheese,2
790,Jam,2
791,Butter,3
791,Bread,1
791,Apple,9
792,Eggs,3
792,Cheese,1
792,Banana,6
792,Jam,4
793,Eggs,1
793,Apple,4
793,Milk,8
794,Banana,7
794,Jam,1
794,Cheese,9
794,Eggs,6
795,Butter,2
795,Cheese,3
795,Banana,7
795,Eggs,3
795,Bread,3
795,Jam,5
796,Banana,3
796,Eggs,5
796,Butter,5
796,Bread,9
796,Milk,1
797,Cheese,1
797,Jam,9
797,Eggs,5
798,Butter,2
798,Cheese,9
798,Apple,6
798,Bread,9
798,Jam,5
799,Eggs,7
799,Apple,5
799,Butter,8
799,Cheese,8
799,Bread,2
799,Jam,5
800,Cheese,8
800,Bread,3
800,Butter,7
800,Jam,3
801,Apple,6
801,Jam,2
801,Cheese,6
802,Banana,8
802,Eggs,5
802,Milk,1
803,Butter,8
803,Apple,9
803,Bread,1
804,Apple,6
805,Butter,2
805,Jam,5
805,Banana,4
805,Bread,7
805,Cheese,6
805,Eggs,3
806,Butter,4
806,Bread,5
807,Butter,3
807,Milk,8
807,Bread,7
807,Eggs,7
808,Bread,7
808,Milk,3
808,Apple,3
808,Butter,2
808,Eggs,1
809,Apple,4
810,Eggs,2
810,Cheese,1
810,Jam,3
810,Butter,6
810,Bread,2
811,Butter,7
811,Eggs,7
811,Bread,3
811,Milk,1
812,Jam,5
812,Cheese,2
813,Eggs,8
813,Apple,4
813,Milk,7
814,Bread,5
814,Butter,3
815,Jam,8
815,Banana,2
815,Cheese,1
816,Jam,4
816,Cheese,7
817,Butter,9
817,Milk,6
817,Bread,1
817,Eggs,8
818,Cheese,4
818,Jam,3
818,Eggs,6
819,Jam,5
819,Banana,9
819,Cheese,3
820,Bread,2
820,Milk,9
820,Butter,6
820,Eggs,2
821,Butter,1
821,Cheese,2
821,Bread,2
821,Jam,2
821,Eggs,7
822,Butter,4
822,Bread,2
822,Jam,5
822,Cheese,9
823,Bread,9
823,Apple,7
823,Butter,8
823,Milk,5
823,Eggs,5
824,Bread,3
824,Butter,6
824,Jam,1
824,Cheese,3
824,Eggs,2
825,Butter,9
825,Cheese,4
825,Jam,7
825,Bread,8
826,Butter,2
826,Jam,7
826,Bread,3
826,Cheese,8
827,Bread,3
827,Apple,8
827,Butter,3
828,Banana,3
829,Apple,1
829,Butter,2
829,Eggs,4
829,Bread,2
829,Milk,4
830,Bread,4
830,Cheese,1
830,Eggs,9
830,Apple,7
830,Butter,2
830,Jam,3
831,Jam,8
831,Cheese,7
832,Apple,4
832,Cheese,9
832,Jam,5
832,Eggs,5
833,Apple,7
833,Milk,1
833,Eggs,3
834,Milk,6
834,Banana,6
834,Eggs,1
835,Jam,6
835,Cheese,2
835,Eggs,4
836,Butter,3
836,Milk,3
836,Bread,3
836,Eggs,4
837,Milk,4
837,Eggs,4
838,Jam,7
838,Butter,5
838,Apple,2
838,Bread,7
838,Cheese,3
838,Eggs,1
839,Apple,5
840,Cheese,1
840,Bread,1
840,Butter,1
840,Jam,9
841,Bread,8
841,Apple,6
841,Jam,6
841,Butter,6
841,Cheese,4
842,Butter,3
842,Bread,3
843,Jam,7
843,Cheese,5
843,Eggs,8
844,Bread,4
844,Butter,3
845,Jam,2
845,Apple,3
845,Bread,7
845,Butter,8
845,Cheese,5
845,Eggs,1
846,Jam,4
846,Butter,4
846,Apple,1
846,Bread,9
846,Cheese,4
847,Apple,9
847,Eggs,4
847,Milk,4
848,Apple,6
848,Bread,8
848,Butter,5
849,Eggs,8
849,Jam,1
849,Bread,4
849,Butter,1
849,Cheese,3
850,Cheese,7
850,Apple,1
850,Eggs,5
850,Jam,1
851,Banana,9
851,Butter,3
851,Bread,6
852,Butter,6
852,Cheese,2
852,Bread,4
852,Apple,7
852,Jam,6
853,Banana,7
854,Apple,6
855,Apple,3
855,Butter,8
855,Bread,1
856,Jam,2
856,Cheese,3
857,Eggs,3
857,Butter,7
857,Cheese,8
857,Bread,9
857,Jam,7
858,Eggs,6
858,Cheese,2
858,Butter,1
858,Bread,3
858,Jam,9
859,Banana,7
859,Jam,2
859,Butter,1
859,Cheese,2
859,Bread,3
860,Eggs,6
860,Banana,9
860,Milk,8
860,Butter,9
860,Bread,8
861,Milk,6
861,Apple,8
861,Eggs,6
862,Jam,9
862,Bread,9
862,Butter,3
862,Cheese,9
863,Cheese,3
863,Jam,6
863,Eggs,4
864,Apple,1
864,Jam,6
864,Cheese,2
864,Eggs,6
865,Apple,1
865,Milk,2
865,Eggs,9
866,Jam,8
866,Banana,7
866,Cheese,9
867,Bread,4
867,Butter,7
868,Jam,7
868,Cheese,4
869,Eggs,1
869,Jam,4
869,Bread,3
869,Butter,9
869,Cheese,5
870,Apple,8
870,Cheese,5
870,Jam,3
870,Butter,2
870,Bread,8
871,Jam,2
871,Banana,8
871,Eggs,5
871,Cheese,8
872,Cheese,5
872,Butter,1
872,Bread,2
872,Jam,6
872,Eggs,3
873,Banana,5
873,Jam,3
873,Bread,7
873,Butter,8
873,Cheese,4
873,Eggs,9
874,Butter,1
874,Eggs,5
874,Bread,5
874,Milk,7
875,Bread,6
875,Jam,8
875,Butter,2
875,Cheese,7
876,Butter,7
876,Bread,4
877,Eggs,2
877,Apple,4
877,Cheese,4
877,Jam,6
878,Apple,7
878,Butter,3
878,Bread,1
879,Milk,9
879,Apple,1
879,Eggs,8
880,Milk,6
880,Apple,3
880,Eggs,7
881,Cheese,4
881,Bread,9
881,Butter,6
881,Jam,4
882,Butter,9
882,Banana,4
882,Bread,9
883,Apple,2
883,Cheese,7
883,Jam,5
884,Banana,8
884,Cheese,4
884,Jam,4
884,Eggs,8
885,Bread,7
885,Eggs,8
885,Milk,8
885,Butter,4
886,Butter,4
886,Bread,8
887,Banana,5
887,Cheese,4
887,Jam,5
888,Eggs,1
888,Cheese,7
888,Jam,8
889,Cheese,9
889,Banana,3
889,Jam,9
889,Eggs,5
890,Cheese,6
890,Apple,1
890,Jam,9
891,Milk,6
891,Eggs,8
892,Cheese,5
892,Apple,5
892,Bread,7
892,Jam,7
892,Butter,7
893,Apple,4
894,Eggs,1
894,Banana,1
894,Cheese,6
894,Jam,2
895,Apple,3
895,Bread,4
895,Eggs,2
895,Butter,7
895,Milk,1
896,Jam,2
896,Banana,9
896,Cheese,8
896,Eggs,3
897,Jam,3
897,Cheese,6
898,Milk,2
898,Eggs,8
899,Eggs,3
899,Cheese,1
899,Jam,5
900,Banana,2
900,Cheese,2
900,Bread,9
900,Butter,7
900,Jam,6
900,Eggs,1
901,Jam,2
901,Apple,7
901,Cheese,3
902,Apple,6
902,Butter,8
902,Bread,8
903,Banana,2
903,Jam,6
903,Bread,5
903,Butter,7
903,Cheese,4
904,Cheese,2
904,Bread,3
904,Butter,9
904,Eggs,8
904,Jam,9
905,Bread,5
905,Butter,7
906,Apple,1
906,Bread,5
906,Butter,8
907,Banana,2
907,Cheese,8
907,Butter,2
907,Bread,1
907,Jam,3
908,Butter,3
908,Cheese,6
908,Banana,3
908,Bread,7
908,Jam,8
908,Eggs,3
909,Milk,1
909,Eggs,3
910,Butter,3
910,Cheese,7
910,Bread,5
910,Eggs,4
910,Jam,2
911,Banana,3
911,Eggs,7
911,Milk,7
912,Jam,2
912,Cheese,7
912,Bread,6
912,Butter,4
913,Apple,5
913,Eggs,8
913,Bread,5
913,Butter,3
913,Milk,2
914,Banana,6
914,Eggs,7
914,Milk,8
915,Butter,8
915,Banana,1
915,Jam,6
915,Bread,6
915,Cheese,3
915,Eggs,9
916,Butter,5
916,Jam,1
916,Apple,7
916,Bread,3
916,Cheese,4
917,Cheese,8
917,Butter,4
917,Bread,9
917,Jam,8
918,Bread,6
918,Cheese,7
918,Butter,8
918,Jam,2
919,Butter,5
919,Jam,7
919,Cheese,8
919,Eggs,5
919,Bread,3
920,Apple,6
920,Jam,5
920,Bread,8
920,Butter,9
920,Cheese,9
921,Bread,6
921,Banana,4
921,Cheese,4
921,Butter,9
921,Jam,4
921,Eggs,8
922,Milk,5
922,Eggs,6
923,Cheese,5
923,Apple,5
923,Jam,2
924,Eggs,6
924,Bread,9
924,Butter,7
924,Milk,8
925,Cheese,9
925,Jam,3
925,Eggs,5
926,Cheese,7
926,Butter,4
926,Bread,7
926,Jam,8
927,Cheese,4
927,Eggs,5
927,Jam,3
928,Banana,8
929,Butter,5
929,Cheese,1
929,Banana,2
929,Bread,3
929,Jam,1
930,Bread,9
930,Butter,9
931,Apple,4
932,Apple,4
933,Cheese,5
933,Butter,7
933,Jam,8
933,Apple,2
933,Bread,4
934,Apple,7
934,Cheese,9
934,Jam,5
935,Jam,8
935,Bread,5
935,Butter,9
935,Cheese,4
936,Butter,3
936,Eggs,5
936,Apple,8
936,Bread,7
936,Milk,1
937,Cheese,4
937,Eggs,2
937,Butter,2
937,Bread,7
937,Jam,3
938,Cheese,6
938,Bread,6
938,Butter,1
938,Jam,1
938,Eggs,6
939,Jam,9
939,Banana,4
939,Cheese,6
940,Banana,3
940,Bread,4
940,Jam,9
940,Butter,1
940,Cheese,5
940,Eggs,7
941,Jam,2
941,Bread,2
941,Butter,1
941,Cheese,5
941,Eggs,3
942,Milk,7
942,Apple,1
942,Eggs,9
943,Bread,2
943,Banana,8
943,Butter,4
944,Eggs,9
944,Banana,7
944,Milk,8
945,Butter,7
945,Apple,2
945,Bread,9
946,Eggs,1
946,Cheese,2
946,Jam,3
947,Butter,4
947,Jam,5
947,Bread,6
947,Cheese,1
948,Eggs,8
948,Apple,6
948,Milk,9
949,Banana,7
950,Apple,4
950,Jam,6
950,Bread,6
950,Butter,4
950,Cheese,6
951,Eggs,5
951,Jam,2
951,Banana,9
951,Cheese,4
952,Bread,7
952,Butter,6
952,Cheese,4
952,Apple,6
952,Jam,3
953,Jam,6
953,Bread,3
953,Butter,1
953,Cheese,5
953,Eggs,2
954,Eggs,7
954,Jam,4
954,Apple,6
954,Cheese,1
955,Eggs,6
955,Milk,2
956,Jam,4
956,Eggs,4
956,Butter,9
956,Bread,7
956,Cheese,7
957,Apple,1
957,Eggs,5
957,Jam,3
957,Cheese,3
958,Eggs,4
958,Bread,8
958,Butter,4
958,Milk,8
959,Eggs,4
959,Banana,3
959,Milk,5
960,Apple,5
960,Eggs,1
960,Jam,8
960,Bread,8
960,Butter,8
960,Cheese,4
961,Eggs,9
961,Milk,3
962,Bread,6
962,Eggs,9
962,Butter,4
962,Milk,4
963,Banana,8
963,Bread,3
963,Butter,8
964,Apple,8
964,Butter,7
964,Bread,7
965,Eggs,2
965,Milk,2
966,Eggs,8
966,Milk,6
967,Eggs,3
967,Apple,1
967,Jam,6
967,Cheese,2
968,Jam,9
968,Apple,5
968,Bread,5
968,Butter,8
968,Cheese,6
968,Eggs,3
969,Eggs,4
969,Milk,4
970,Jam,2
970,Apple,3
970,Bread,4
970,Butter,7
970,Cheese,3
970,Eggs,8
971,Eggs,2
971,Cheese,4
971,Bread,8
971,Apple,1
971,Butter,1
971,Jam,4
972,Banana,2
972,Cheese,1
972,Jam,8
972,Eggs,2
973,Bread,3
973,Butter,2
973,Jam,8
973,Cheese,3
973,Eggs,9
974,Bread,5
974,Eggs,9
974,Butter,3
974,Milk,5
975,Jam,6
975,Apple,9
975,Cheese,8
976,Jam,2
976,Bread,5
976,Butter,5
976,Cheese,5
977,Apple,8
977,Eggs,5
977,Butter,1
977,Milk,5
977,Bread,1
978,Butter,1
978,Banana,6
978,Bread,6
978,Jam,1
978,Cheese,8
979,Banana,4
979,Bread,2
979,Butter,1
980,Apple,3
980,Cheese,7
980,Jam,8
980,Eggs,5
981,Cheese,2
981,Butter,4
981,Bread,6
981,Jam,5
981,Eggs,6
982,Eggs,2
982,Jam,7
982,Banana,8
982,Butter,9
982,Bread,6
982,Cheese,7
983,Apple,1
984,Cheese,6
984,Jam,4
985,Eggs,9
985,Bread,1
985,Butter,2
985,Milk,3
986,Cheese,2
986,Jam,2
987,Jam,6
987,Apple,9
987,Cheese,5
988,Eggs,9
988,Milk,2
989,Eggs,9
989,Banana,3
989,Cheese,3
989,Jam,9
990,Eggs,7
990,Cheese,8
990,Jam,7
991,Bread,8
991,Butter,4
992,Banana,5
992,Eggs,2
992,Milk,4
993,Jam,2
993,Banana,5
993,Cheese,6
994,Jam,1
994,Bread,8
994,Butter,2
994,Cheese,5
994,Eggs,8
995,Bread,3
995,Butter,6
996,Banana,1
997,Eggs,7
997,Butter,3
997,Bread,8
997,Apple,8
997,Milk,1
998,Bread,7
998,Butter,2
999,Cheese,2
999,Butter,2
999,Bread,5
999,Banana,7
999,Jam,4
1000,Bread,4
1000,Eggs,9
1000,Apple,9
1000,Butter,7
1000,Milk,4
